300101066, 2016-11-23 08:36:26.250950
300101066, 2016-11-23 08:36:26.250959
300101066, 2016-11-23 08:36:26.250962
300101066, 2016-11-23 08:36:26.250964
300101066, 2016-11-23 08:36:26.250966
300101066, 2016-11-23 08:36:26.250968
300101066, 2016-11-23 08:36:26.250970
300101066, 2016-11-23 08:36:26.250972
300101066, 2016-11-23 08:36:26.250975
300101066, 2016-11-23 08:36:26.250977
300101066, 2016-11-23 08:36:26.250979
300101066, 2016-11-23 08:36:26.250981
300101066, 2016-11-23 08:36:26.250983
300101066, 2016-11-23 08:36:26.250985
300101066, 2016-11-23 08:36:26.250988
300101066, 2016-11-23 08:36:26.250990
300101066, 2016-11-23 08:36:26.250992
300101066, 2016-11-23 08:36:26.250994
300101066, 2016-11-23 08:36:26.250996
300101066, 2016-11-23 08:36:26.250998
300101066, 2016-11-23 08:36:26.251000
300101066, 2016-11-23 08:36:26.251003
300101066, 2016-11-23 08:36:26.251005
300101066, 2016-11-23 08:36:26.251007
300101066, 2016-11-23 08:36:26.251009
300101066, 2016-11-23 08:36:26.251011
300101066, 2016-11-23 08:36:26.251013
300101066, 2016-11-23 08:36:26.251015
300101066, 2016-11-23 08:36:26.251018
300101066, 2016-11-23 08:36:26.251020
300101066, 2016-11-23 08:36:26.251022
300101066, 2016-11-23 08:36:26.251024
300101066, 2016-11-23 08:36:26.251026
300101066, 2016-11-23 08:36:26.251028
300101066, 2016-11-23 08:36:26.251031
300101066, 2016-11-23 08:36:26.251033
300101066, 2016-11-23 08:36:26.251035
300101066, 2016-11-23 08:36:26.251037
300101066, 2016-11-23 08:36:26.251039
300101066, 2016-11-23 08:36:26.251041
300101066, 2016-11-23 08:36:26.251043
300101066, 2016-11-23 08:36:26.251046
300101066, 2016-11-23 08:36:26.251048
300101066, 2016-11-23 08:36:26.251050
300101066, 2016-11-23 08:36:26.251052
300101066, 2016-11-23 08:36:26.251054
300101066, 2016-11-23 08:36:26.251056
300101066, 2016-11-23 08:36:26.251058
300101066, 2016-11-23 08:36:26.251061
300101066, 2016-11-23 08:36:26.251063
300101066, 2016-11-23 08:36:26.251065
300101066, 2016-11-23 08:36:26.251067
300101066, 2016-11-23 08:36:26.251069
300101066, 2016-11-23 08:36:26.251071
300101066, 2016-11-23 08:36:26.251074
300101066, 2016-11-23 08:36:26.251076
300101066, 2016-11-23 08:36:26.251078
300101066, 2016-11-23 08:36:26.251080
300101066, 2016-11-23 08:36:26.251082
300101066, 2016-11-23 08:36:26.251084
300101066, 2016-11-23 08:36:26.251086
300101066, 2016-11-23 08:36:26.251089
300101066, 2016-11-23 08:36:26.251091
300101066, 2016-11-23 08:36:26.251093
300101066, 2016-11-23 08:36:26.251095
300101066, 2016-11-23 08:36:26.251097
300101066, 2016-11-23 08:36:26.251099
300101066, 2016-11-23 08:36:26.251101
300101066, 2016-11-23 08:36:26.251104
300101066, 2016-11-23 08:36:26.251106
300101066, 2016-11-23 08:36:26.251108
300101066, 2016-11-23 08:36:26.251110
300101066, 2016-11-23 08:36:26.251112
300101066, 2016-11-23 08:36:26.251114
300101066, 2016-11-23 08:36:26.251116
300101066, 2016-11-23 08:36:26.251119
300101066, 2016-11-23 08:36:26.251121
300101066, 2016-11-23 08:36:26.251123
300101066, 2016-11-23 08:36:26.251125
300101066, 2016-11-23 08:36:26.251127
300101066, 2016-11-23 08:36:26.251129
300101066, 2016-11-23 08:36:26.251131
300101066, 2016-11-23 08:36:26.251134
300101066, 2016-11-23 08:36:26.251136
300101066, 2016-11-23 08:36:26.251138
300101066, 2016-11-23 08:36:26.251140
300101066, 2016-11-23 08:36:26.251142
300101066, 2016-11-23 08:36:26.251144
300101066, 2016-11-23 08:36:26.251147
300101066, 2016-11-23 08:36:26.251149
300101066, 2016-11-23 08:36:26.251151
300101066, 2016-11-23 08:36:26.251153
300101066, 2016-11-23 08:36:26.251155
300101066, 2016-11-23 08:36:26.251157
300101066, 2016-11-23 08:36:26.251159
300101066, 2016-11-23 08:36:26.251162
300101066, 2016-11-23 08:36:26.251164
300101066, 2016-11-23 08:36:26.251166
300101066, 2016-11-23 08:36:26.251168
300101066, 2016-11-23 08:36:26.251170
300101066, 2016-11-23 08:36:26.251172
300101066, 2016-11-23 08:36:26.251174
300101066, 2016-11-23 08:36:26.251177
300101066, 2016-11-23 08:36:26.251179
300101066, 2016-11-23 08:36:26.251181
300101066, 2016-11-23 08:36:26.251183
300101066, 2016-11-23 08:36:26.251185
300101066, 2016-11-23 08:36:26.251187
300101066, 2016-11-23 08:36:26.251200
300101066, 2016-11-23 08:36:26.251203
300101066, 2016-11-23 08:36:26.251205
300101066, 2016-11-23 08:36:26.251207
300101066, 2016-11-23 08:36:26.251209
300101066, 2016-11-23 08:36:26.251211
300101066, 2016-11-23 08:36:26.251213
300101066, 2016-11-23 08:36:26.251215
300101066, 2016-11-23 08:36:26.251218
300101066, 2016-11-23 08:36:26.251220
300101066, 2016-11-23 08:36:26.251222
300101066, 2016-11-23 08:36:26.251224
300101066, 2016-11-23 08:36:26.251226
300101066, 2016-11-23 08:36:26.251228
300101066, 2016-11-23 08:36:26.251230
300101066, 2016-11-23 08:36:26.251232
300101066, 2016-11-23 08:36:26.251235
300101066, 2016-11-23 08:36:26.251237
300101066, 2016-11-23 08:36:26.251239
300101066, 2016-11-23 08:36:26.251241
300101066, 2016-11-23 08:36:26.251243
300101066, 2016-11-23 08:36:26.251245
300101066, 2016-11-23 08:36:26.251247
300101066, 2016-11-23 08:36:26.251249
300101066, 2016-11-23 08:36:26.251252
300101066, 2016-11-23 08:36:26.251254
300101066, 2016-11-23 08:36:26.251256
300101066, 2016-11-23 08:36:26.251258
300101066, 2016-11-23 08:36:26.251260
300101066, 2016-11-23 08:36:26.251262
300101066, 2016-11-23 08:36:26.251264
300101066, 2016-11-23 08:36:26.251267
300101066, 2016-11-23 08:36:26.251269
300101066, 2016-11-23 08:36:26.251271
300101066, 2016-11-23 08:36:26.251273
300101066, 2016-11-23 08:36:26.251275
300101066, 2016-11-23 08:36:26.251277
300101066, 2016-11-23 08:36:26.251279
300101066, 2016-11-23 08:36:26.251281
300101066, 2016-11-23 08:36:26.251284
300101066, 2016-11-23 08:36:26.251286
300101066, 2016-11-23 08:36:26.251288
300101066, 2016-11-23 08:36:26.251290
300101066, 2016-11-23 08:36:26.251292
300101066, 2016-11-23 08:36:26.251294
300101066, 2016-11-23 08:36:26.251296
300101066, 2016-11-23 08:36:26.251298
300101066, 2016-11-23 08:36:26.251301
300101066, 2016-11-23 08:36:26.251303
300101066, 2016-11-23 08:36:26.251305
300101066, 2016-11-23 08:36:26.251307
300101066, 2016-11-23 08:36:26.251309
300101066, 2016-11-23 08:36:26.251311
300101066, 2016-11-23 08:36:26.251313
300101066, 2016-11-23 08:36:26.251315
300101066, 2016-11-23 08:36:26.251318
300101066, 2016-11-23 08:36:26.251320
300101066, 2016-11-23 08:36:26.251322
300101066, 2016-11-23 08:36:26.251324
300101066, 2016-11-23 08:36:26.251326
300101066, 2016-11-23 08:36:26.251328
300101066, 2016-11-23 08:36:26.251330
300101066, 2016-11-23 08:36:26.251332
300101066, 2016-11-23 08:36:26.251335
300101066, 2016-11-23 08:36:26.251337
300101066, 2016-11-23 08:36:26.251339
300101066, 2016-11-23 08:36:26.251341
300101066, 2016-11-23 08:36:26.251343
300101066, 2016-11-23 08:36:26.251345
300101066, 2016-11-23 08:36:26.251347
300101066, 2016-11-23 08:36:26.251350
300101066, 2016-11-23 08:36:26.251352
300101066, 2016-11-23 08:36:26.251354
300101066, 2016-11-23 08:36:26.251356
300101066, 2016-11-23 08:36:26.251358
300101066, 2016-11-23 08:36:26.251360
300101066, 2016-11-23 08:36:26.251362
300101066, 2016-11-23 08:36:26.251364
300101066, 2016-11-23 08:36:26.251367
300101066, 2016-11-23 08:36:26.251369
300101066, 2016-11-23 08:36:26.251371
300101066, 2016-11-23 08:36:26.251373
300101066, 2016-11-23 08:36:26.251375
300101066, 2016-11-23 08:36:26.251377
300101066, 2016-11-23 08:36:26.251379
300101066, 2016-11-23 08:36:26.251381
300101066, 2016-11-23 08:36:26.251384
300101066, 2016-11-23 08:36:26.251386
300101066, 2016-11-23 08:36:26.251388
300101066, 2016-11-23 08:36:26.251390
300101066, 2016-11-23 08:36:26.251392
300101066, 2016-11-23 08:36:26.251394
300101066, 2016-11-23 08:36:26.251396
300101066, 2016-11-23 08:36:26.251398
300101066, 2016-11-23 08:36:26.251401
300101066, 2016-11-23 08:36:26.251403
300101066, 2016-11-23 08:36:26.251405
300101066, 2016-11-23 08:36:26.251407
300101066, 2016-11-23 08:36:26.251409
300101066, 2016-11-23 08:36:26.251411
300101066, 2016-11-23 08:36:26.251413
300101066, 2016-11-23 08:36:26.251415
300101066, 2016-11-23 08:36:26.251418
300101066, 2016-11-23 08:36:26.251420
300101066, 2016-11-23 08:36:26.251422
300101066, 2016-11-23 08:36:26.251424
300101066, 2016-11-23 08:36:26.251426
300101066, 2016-11-23 08:36:26.251428
300101066, 2016-11-23 08:36:26.251472
300101066, 2016-11-23 08:36:26.251486
300101066, 2016-11-23 08:36:26.251489
300101066, 2016-11-23 08:36:26.251491
300101066, 2016-11-23 08:36:26.251493
300101066, 2016-11-23 08:36:26.251495
300101066, 2016-11-23 08:36:26.251498
300101066, 2016-11-23 08:36:26.251500
300101066, 2016-11-23 08:36:26.251502
300101066, 2016-11-23 08:36:26.251504
300101066, 2016-11-23 08:36:26.251506
300101066, 2016-11-23 08:36:26.251508
300101066, 2016-11-23 08:36:26.251510
300101066, 2016-11-23 08:36:26.251513
300101066, 2016-11-23 08:36:26.251515
300101066, 2016-11-23 08:36:26.251517
300101066, 2016-11-23 08:36:26.251519
300101066, 2016-11-23 08:36:26.251521
300101066, 2016-11-23 08:36:26.251523
300101066, 2016-11-23 08:36:26.251525
300101066, 2016-11-23 08:36:26.251528
300101066, 2016-11-23 08:36:26.251530
300101066, 2016-11-23 08:36:26.251532
300101066, 2016-11-23 08:36:26.251534
300101066, 2016-11-23 08:36:26.251536
300101066, 2016-11-23 08:36:26.251538
300101066, 2016-11-23 08:36:26.251540
300101066, 2016-11-23 08:36:26.251543
300101066, 2016-11-23 08:36:26.251545
300101066, 2016-11-23 08:36:26.251547
300101066, 2016-11-23 08:36:26.251549
300101066, 2016-11-23 08:36:26.251551
300101066, 2016-11-23 08:36:26.251553
300101066, 2016-11-23 08:36:26.251555
300101066, 2016-11-23 08:36:26.251558
300101066, 2016-11-23 08:36:26.251560
300101066, 2016-11-23 08:36:26.251562
300101066, 2016-11-23 08:36:26.251564
300101066, 2016-11-23 08:36:26.251566
300101066, 2016-11-23 08:36:26.251568
300101066, 2016-11-23 08:36:26.251570
300101066, 2016-11-23 08:36:26.251573
300101066, 2016-11-23 08:36:26.251575
300101066, 2016-11-23 08:36:26.251577
300101066, 2016-11-23 08:36:26.251579
300101066, 2016-11-23 08:36:26.251581
300101066, 2016-11-23 08:36:26.251584
300101066, 2016-11-23 08:36:26.251586
300101066, 2016-11-23 08:36:26.251588
300101066, 2016-11-23 08:36:26.251590
300101066, 2016-11-23 08:36:26.251592
300101066, 2016-11-23 08:36:26.251594
300101066, 2016-11-23 08:36:26.251596
300101066, 2016-11-23 08:36:26.251598
300101066, 2016-11-23 08:36:26.251601
300101066, 2016-11-23 08:36:26.251603
300101066, 2016-11-23 08:36:26.251605
300101066, 2016-11-23 08:36:26.251607
300101066, 2016-11-23 08:36:26.251609
300101066, 2016-11-23 08:36:26.251611
300101066, 2016-11-23 08:36:26.251613
300101066, 2016-11-23 08:36:26.251616
300101066, 2016-11-23 08:36:26.251618
300101066, 2016-11-23 08:36:26.251620
300101066, 2016-11-23 08:36:26.251622
300101066, 2016-11-23 08:36:26.251624
300101066, 2016-11-23 08:36:26.251626
300101066, 2016-11-23 08:36:26.251628
300101066, 2016-11-23 08:36:26.251631
300101066, 2016-11-23 08:36:26.251633
300101066, 2016-11-23 08:36:26.251635
300101066, 2016-11-23 08:36:26.251637
300101066, 2016-11-23 08:36:26.251639
300101066, 2016-11-23 08:36:26.251641
300101066, 2016-11-23 08:36:26.251643
300101066, 2016-11-23 08:36:26.251646
300101066, 2016-11-23 08:36:26.251648
300101066, 2016-11-23 08:36:26.251650
300101066, 2016-11-23 08:36:26.251652
300101066, 2016-11-23 08:36:26.251654
300101066, 2016-11-23 08:36:26.251656
300101066, 2016-11-23 08:36:26.251659
300101066, 2016-11-23 08:36:26.251661
300101066, 2016-11-23 08:36:26.251663
300101066, 2016-11-23 08:36:26.251665
300101066, 2016-11-23 08:36:26.251667
300101066, 2016-11-23 08:36:26.251669
300101066, 2016-11-23 08:36:26.251671
300101066, 2016-11-23 08:36:26.251673
300101066, 2016-11-23 08:36:26.251676
300101066, 2016-11-23 08:36:26.251678
300101066, 2016-11-23 08:36:26.251680
300101066, 2016-11-23 08:36:26.251682
300101066, 2016-11-23 08:36:26.251684
300101066, 2016-11-23 08:36:26.251686
300101066, 2016-11-23 08:36:26.251688
300101066, 2016-11-23 08:36:26.251691
300101066, 2016-11-23 08:36:26.251693
300101066, 2016-11-23 08:36:26.251695
300101066, 2016-11-23 08:36:26.251697
300101066, 2016-11-23 08:36:26.251699
300101066, 2016-11-23 08:36:26.251701
300101066, 2016-11-23 08:36:26.251703
300101066, 2016-11-23 08:36:26.251705
300101066, 2016-11-23 08:36:26.251708
300101066, 2016-11-23 08:36:26.251710
300101066, 2016-11-23 08:36:26.251712
300101066, 2016-11-23 08:36:26.251714
300101066, 2016-11-23 08:36:26.251724
300101066, 2016-11-23 08:36:26.251727
300101066, 2016-11-23 08:36:26.251729
300101066, 2016-11-23 08:36:26.251731
300101066, 2016-11-23 08:36:26.251734
300101066, 2016-11-23 08:36:26.251736
300101066, 2016-11-23 08:36:26.251738
300101066, 2016-11-23 08:36:26.251740
300101066, 2016-11-23 08:36:26.251742
300101066, 2016-11-23 08:36:26.251744
300101066, 2016-11-23 08:36:26.251746
300101066, 2016-11-23 08:36:26.251749
300101066, 2016-11-23 08:36:26.251751
300101066, 2016-11-23 08:36:26.251753
300101066, 2016-11-23 08:36:26.251755
300101066, 2016-11-23 08:36:26.251757
300101066, 2016-11-23 08:36:26.251759
300101066, 2016-11-23 08:36:26.251761
300101066, 2016-11-23 08:36:26.251764
300101066, 2016-11-23 08:36:26.251766
300101066, 2016-11-23 08:36:26.251768
300101066, 2016-11-23 08:36:26.251770
300101066, 2016-11-23 08:36:26.251772
300101066, 2016-11-23 08:36:26.251774
300101066, 2016-11-23 08:36:26.251776
300101066, 2016-11-23 08:36:26.251779
300101066, 2016-11-23 08:36:26.251781
300101066, 2016-11-23 08:36:26.251783
300101066, 2016-11-23 08:36:26.251785
300101066, 2016-11-23 08:36:26.251787
300101066, 2016-11-23 08:36:26.251789
300101066, 2016-11-23 08:36:26.251791
300101066, 2016-11-23 08:36:26.251794
300101066, 2016-11-23 08:36:26.251796
300101066, 2016-11-23 08:36:26.251798
300101066, 2016-11-23 08:36:26.251800
300101066, 2016-11-23 08:36:26.251802
300101066, 2016-11-23 08:36:26.251804
300101066, 2016-11-23 08:36:26.251806
300101066, 2016-11-23 08:36:26.251809
300101066, 2016-11-23 08:36:26.251811
300101066, 2016-11-23 08:36:26.251813
300101066, 2016-11-23 08:36:26.251815
300101066, 2016-11-23 08:36:26.251817
300101066, 2016-11-23 08:36:26.251819
300101066, 2016-11-23 08:36:26.251821
300101066, 2016-11-23 08:36:26.251824
300101066, 2016-11-23 08:36:26.251826
300101066, 2016-11-23 08:36:26.251828
300101066, 2016-11-23 08:36:26.251830
300101066, 2016-11-23 08:36:26.251832
300101066, 2016-11-23 08:36:26.251834
300101066, 2016-11-23 08:36:26.251836
300101066, 2016-11-23 08:36:26.251838
300101066, 2016-11-23 08:36:26.251841
300101066, 2016-11-23 08:36:26.251843
300101066, 2016-11-23 08:36:26.251845
300101066, 2016-11-23 08:36:26.251847
300101066, 2016-11-23 08:36:26.251849
300101066, 2016-11-23 08:36:26.251851
300101066, 2016-11-23 08:36:26.251853
300101066, 2016-11-23 08:36:26.251855
300101066, 2016-11-23 08:36:26.251858
300101066, 2016-11-23 08:36:26.251860
300101066, 2016-11-23 08:36:26.251862
300101066, 2016-11-23 08:36:26.251864
300101066, 2016-11-23 08:36:26.251866
300101066, 2016-11-23 08:36:26.251868
300101066, 2016-11-23 08:36:26.251870
300101066, 2016-11-23 08:36:26.251873
300101066, 2016-11-23 08:36:26.251875
300101066, 2016-11-23 08:36:26.251877
300101066, 2016-11-23 08:36:26.251879
300101066, 2016-11-23 08:36:26.251881
300101066, 2016-11-23 08:36:26.251883
300101066, 2016-11-23 08:36:26.251885
300101066, 2016-11-23 08:36:26.251887
300101066, 2016-11-23 08:36:26.251890
300101066, 2016-11-23 08:36:26.251892
300101066, 2016-11-23 08:36:26.251894
300101066, 2016-11-23 08:36:26.251896
300101066, 2016-11-23 08:36:26.251898
300101066, 2016-11-23 08:36:26.251900
300101066, 2016-11-23 08:36:26.251902
300101066, 2016-11-23 08:36:26.251905
300101066, 2016-11-23 08:36:26.251907
300101066, 2016-11-23 08:36:26.251909
300101066, 2016-11-23 08:36:26.251911
300101066, 2016-11-23 08:36:26.251913
300101066, 2016-11-23 08:36:26.251915
300101066, 2016-11-23 08:36:26.251917
300101066, 2016-11-23 08:36:26.251920
300101066, 2016-11-23 08:36:26.251922
300101066, 2016-11-23 08:36:26.251924
300101066, 2016-11-23 08:36:26.251926
300101066, 2016-11-23 08:36:26.251928
300101066, 2016-11-23 08:36:26.251930
300101066, 2016-11-23 08:36:26.251932
300101066, 2016-11-23 08:36:26.251934
300101066, 2016-11-23 08:36:26.251937
300101066, 2016-11-23 08:36:26.251939
300101066, 2016-11-23 08:36:26.251941
300101066, 2016-11-23 08:36:26.251943
300101066, 2016-11-23 08:36:26.251945
300101066, 2016-11-23 08:36:26.251947
300101066, 2016-11-23 08:36:26.251949
300101066, 2016-11-23 08:36:26.251952
300101066, 2016-11-23 08:36:26.251954
300101066, 2016-11-23 08:36:26.251961
300101066, 2016-11-23 08:36:26.251964
300101066, 2016-11-23 08:36:26.251966
300101066, 2016-11-23 08:36:26.251968
300101066, 2016-11-23 08:36:26.251970
300101066, 2016-11-23 08:36:26.251972
300101066, 2016-11-23 08:36:26.251974
300101066, 2016-11-23 08:36:26.251977
300101066, 2016-11-23 08:36:26.251979
300101066, 2016-11-23 08:36:26.251981
300101066, 2016-11-23 08:36:26.251983
300101066, 2016-11-23 08:36:26.251985
300101066, 2016-11-23 08:36:26.251987
300101066, 2016-11-23 08:36:26.251989
300101066, 2016-11-23 08:36:26.251991
300101066, 2016-11-23 08:36:26.251994
300101066, 2016-11-23 08:36:26.251996
300101066, 2016-11-23 08:36:26.251998
300101066, 2016-11-23 08:36:26.252000
300101066, 2016-11-23 08:36:26.252002
300101066, 2016-11-23 08:36:26.252004
300101066, 2016-11-23 08:36:26.252006
300101066, 2016-11-23 08:36:26.252009
300101066, 2016-11-23 08:36:26.252011
300101066, 2016-11-23 08:36:26.252013
300101066, 2016-11-23 08:36:26.252015
300101066, 2016-11-23 08:36:26.252017
300101066, 2016-11-23 08:36:26.252019
300101066, 2016-11-23 08:36:26.252021
300101066, 2016-11-23 08:36:26.252024
300101066, 2016-11-23 08:36:26.252026
300101066, 2016-11-23 08:36:26.252028
300101066, 2016-11-23 08:36:26.252030
300101066, 2016-11-23 08:36:26.252032
300101066, 2016-11-23 08:36:26.252034
300101066, 2016-11-23 08:36:26.252036
300101066, 2016-11-23 08:36:26.252038
300101066, 2016-11-23 08:36:26.252041
300101066, 2016-11-23 08:36:26.252043
300101066, 2016-11-23 08:36:26.252045
300101066, 2016-11-23 08:36:26.252047
300101066, 2016-11-23 08:36:26.252049
300101066, 2016-11-23 08:36:26.252051
300101066, 2016-11-23 08:36:26.252053
300101066, 2016-11-23 08:36:26.252056
300101066, 2016-11-23 08:36:26.252058
300101066, 2016-11-23 08:36:26.252060
300101066, 2016-11-23 08:36:26.252062
300101066, 2016-11-23 08:36:26.252064
300101066, 2016-11-23 08:36:26.252066
300101066, 2016-11-23 08:36:26.252068
300101066, 2016-11-23 08:36:26.252070
300101066, 2016-11-23 08:36:26.252073
300101066, 2016-11-23 08:36:26.252075
300101066, 2016-11-23 08:36:26.252077
300101066, 2016-11-23 08:36:26.252079
300101066, 2016-11-23 08:36:26.252081
300101066, 2016-11-23 08:36:26.252083
300101066, 2016-11-23 08:36:26.252085
300101066, 2016-11-23 08:36:26.252088
300101066, 2016-11-23 08:36:26.252090
300101066, 2016-11-23 08:36:26.252092
300101066, 2016-11-23 08:36:26.252094
300101066, 2016-11-23 08:36:26.252096
300101066, 2016-11-23 08:36:26.252098
300101066, 2016-11-23 08:36:26.252100
300101066, 2016-11-23 08:36:26.252102
300101066, 2016-11-23 08:36:26.252105
300101066, 2016-11-23 08:36:26.252107
300101066, 2016-11-23 08:36:26.252109
300101066, 2016-11-23 08:36:26.252111
300101066, 2016-11-23 08:36:26.252113
300101066, 2016-11-23 08:36:26.252115
300101066, 2016-11-23 08:36:26.252117
300101066, 2016-11-23 08:36:26.252119
300101066, 2016-11-23 08:36:26.252122
300101066, 2016-11-23 08:36:26.252124
300101066, 2016-11-23 08:36:26.252126
300101066, 2016-11-23 08:36:26.252128
300101066, 2016-11-23 08:36:26.252130
300101066, 2016-11-23 08:36:26.252132
300101066, 2016-11-23 08:36:26.252134
300101066, 2016-11-23 08:36:26.252137
300101066, 2016-11-23 08:36:26.252139
300101066, 2016-11-23 08:36:26.252141
300101066, 2016-11-23 08:36:26.252143
300101066, 2016-11-23 08:36:26.252145
300101066, 2016-11-23 08:36:26.252147
300101066, 2016-11-23 08:36:26.252149
300101066, 2016-11-23 08:36:26.252151
300101066, 2016-11-23 08:36:26.252154
300101066, 2016-11-23 08:36:26.252156
300101066, 2016-11-23 08:36:26.252158
300101066, 2016-11-23 08:36:26.252160
300101066, 2016-11-23 08:36:26.252162
300101066, 2016-11-23 08:36:26.252164
300101066, 2016-11-23 08:36:26.252166
300101066, 2016-11-23 08:36:26.252168
300101066, 2016-11-23 08:36:26.252171
300101066, 2016-11-23 08:36:26.252173
300101066, 2016-11-23 08:36:26.252175
300101066, 2016-11-23 08:36:26.252177
300101066, 2016-11-23 08:36:26.252179
300101066, 2016-11-23 08:36:26.252181
300101066, 2016-11-23 08:36:26.252183
300101066, 2016-11-23 08:36:26.252186
300101066, 2016-11-23 08:36:26.252188
300101066, 2016-11-23 08:36:26.252195
300101066, 2016-11-23 08:36:26.252198
300101066, 2016-11-23 08:36:26.252200
300101066, 2016-11-23 08:36:26.252202
300101066, 2016-11-23 08:36:26.252204
300101066, 2016-11-23 08:36:26.252206
300101066, 2016-11-23 08:36:26.252208
300101066, 2016-11-23 08:36:26.252211
300101066, 2016-11-23 08:36:26.252213
300101066, 2016-11-23 08:36:26.252215
300101066, 2016-11-23 08:36:26.252217
300101066, 2016-11-23 08:36:26.252219
300101066, 2016-11-23 08:36:26.252221
300101066, 2016-11-23 08:36:26.252223
300101066, 2016-11-23 08:36:26.252226
300101066, 2016-11-23 08:36:26.252228
300101066, 2016-11-23 08:36:26.252230
300101066, 2016-11-23 08:36:26.252232
300101066, 2016-11-23 08:36:26.252234
300101066, 2016-11-23 08:36:26.252236
300101066, 2016-11-23 08:36:26.252238
300101066, 2016-11-23 08:36:26.252241
300101066, 2016-11-23 08:36:26.252243
300101066, 2016-11-23 08:36:26.252245
300101066, 2016-11-23 08:36:26.252247
300101066, 2016-11-23 08:36:26.252249
300101066, 2016-11-23 08:36:26.252251
300101066, 2016-11-23 08:36:26.252253
300101066, 2016-11-23 08:36:26.252255
300101066, 2016-11-23 08:36:26.252258
300101066, 2016-11-23 08:36:26.252260
300101066, 2016-11-23 08:36:26.252262
300101066, 2016-11-23 08:36:26.252264
300101066, 2016-11-23 08:36:26.252266
300101066, 2016-11-23 08:36:26.252268
300101066, 2016-11-23 08:36:26.252270
300101066, 2016-11-23 08:36:26.252273
300101066, 2016-11-23 08:36:26.252275
300101066, 2016-11-23 08:36:26.252277
300101066, 2016-11-23 08:36:26.252279
300101066, 2016-11-23 08:36:26.252281
300101066, 2016-11-23 08:36:26.252283
300101066, 2016-11-23 08:36:26.252285
300101066, 2016-11-23 08:36:26.252288
300101066, 2016-11-23 08:36:26.252290
300101066, 2016-11-23 08:36:26.252292
300101066, 2016-11-23 08:36:26.252294
300101066, 2016-11-23 08:36:26.252296
300101066, 2016-11-23 08:36:26.252298
300101066, 2016-11-23 08:36:26.252300
300101066, 2016-11-23 08:36:26.252302
300101066, 2016-11-23 08:36:26.252305
300101066, 2016-11-23 08:36:26.252307
300101066, 2016-11-23 08:36:26.252309
300101066, 2016-11-23 08:36:26.252311
300101066, 2016-11-23 08:36:26.252313
300101066, 2016-11-23 08:36:26.252315
300101066, 2016-11-23 08:36:26.252317
300101066, 2016-11-23 08:36:26.252320
300101066, 2016-11-23 08:36:26.252322
300101066, 2016-11-23 08:36:26.252324
300101066, 2016-11-23 08:36:26.252326
300101066, 2016-11-23 08:36:26.252328
300101066, 2016-11-23 08:36:26.252330
300101066, 2016-11-23 08:36:26.252332
300101066, 2016-11-23 08:36:26.252335
300101066, 2016-11-23 08:36:26.252337
300101066, 2016-11-23 08:36:26.252339
300101066, 2016-11-23 08:36:26.252341
300101066, 2016-11-23 08:36:26.252343
300101066, 2016-11-23 08:36:26.252345
300101066, 2016-11-23 08:36:26.252347
300101066, 2016-11-23 08:36:26.252349
300101066, 2016-11-23 08:36:26.252352
300101066, 2016-11-23 08:36:26.252354
300101066, 2016-11-23 08:36:26.252356
300101066, 2016-11-23 08:36:26.252358
300101066, 2016-11-23 08:36:26.252360
300101066, 2016-11-23 08:36:26.252362
300101066, 2016-11-23 08:36:26.252364
300101066, 2016-11-23 08:36:26.252366
300101066, 2016-11-23 08:36:26.252369
300101066, 2016-11-23 08:36:26.252371
300101066, 2016-11-23 08:36:26.252373
300101066, 2016-11-23 08:36:26.252375
300101066, 2016-11-23 08:36:26.252377
300101066, 2016-11-23 08:36:26.252379
300101066, 2016-11-23 08:36:26.252381
300101066, 2016-11-23 08:36:26.252384
300101066, 2016-11-23 08:36:26.252386
300101066, 2016-11-23 08:36:26.252388
300101066, 2016-11-23 08:36:26.252390
300101066, 2016-11-23 08:36:26.252392
300101066, 2016-11-23 08:36:26.252394
300101066, 2016-11-23 08:36:26.252396
300101066, 2016-11-23 08:36:26.252398
300101066, 2016-11-23 08:36:26.252401
300101066, 2016-11-23 08:36:26.252403
300101066, 2016-11-23 08:36:26.252405
300101066, 2016-11-23 08:36:26.252407
300101066, 2016-11-23 08:36:26.252409
300101066, 2016-11-23 08:36:26.252411
300101066, 2016-11-23 08:36:26.252413
300101066, 2016-11-23 08:36:26.252416
300101066, 2016-11-23 08:36:26.252418
300101066, 2016-11-23 08:36:26.252420
300101066, 2016-11-23 08:36:26.252422
300101066, 2016-11-23 08:36:26.252424
300101066, 2016-11-23 08:36:26.252431
300101066, 2016-11-23 08:36:26.252434
300101066, 2016-11-23 08:36:26.252436
300101066, 2016-11-23 08:36:26.252438
300101066, 2016-11-23 08:36:26.252440
300101066, 2016-11-23 08:36:26.252442
300101066, 2016-11-23 08:36:26.252445
300101066, 2016-11-23 08:36:26.252447
300101066, 2016-11-23 08:36:26.252449
300101066, 2016-11-23 08:36:26.252451
300101066, 2016-11-23 08:36:26.252453
300101066, 2016-11-23 08:36:26.252455
300101066, 2016-11-23 08:36:26.252457
300101066, 2016-11-23 08:36:26.252460
300101066, 2016-11-23 08:36:26.252462
300101066, 2016-11-23 08:36:26.252464
300101066, 2016-11-23 08:36:26.252466
300101066, 2016-11-23 08:36:26.252468
300101066, 2016-11-23 08:36:26.252470
300101066, 2016-11-23 08:36:26.252472
300101066, 2016-11-23 08:36:26.252475
300101066, 2016-11-23 08:36:26.252477
300101066, 2016-11-23 08:36:26.252479
300101066, 2016-11-23 08:36:26.252481
300101066, 2016-11-23 08:36:26.252483
300101066, 2016-11-23 08:36:26.252485
300101066, 2016-11-23 08:36:26.252487
300101066, 2016-11-23 08:36:26.252490
300101066, 2016-11-23 08:36:26.252492
300101066, 2016-11-23 08:36:26.252494
300101066, 2016-11-23 08:36:26.252496
300101066, 2016-11-23 08:36:26.252498
300101066, 2016-11-23 08:36:26.252500
300101066, 2016-11-23 08:36:26.252502
300101066, 2016-11-23 08:36:26.252504
300101066, 2016-11-23 08:36:26.252507
300101066, 2016-11-23 08:36:26.252509
300101066, 2016-11-23 08:36:26.252511
300101066, 2016-11-23 08:36:26.252513
300101066, 2016-11-23 08:36:26.252515
300101066, 2016-11-23 08:36:26.252517
300101066, 2016-11-23 08:36:26.252519
300101066, 2016-11-23 08:36:26.252522
300101066, 2016-11-23 08:36:26.252524
300101066, 2016-11-23 08:36:26.252526
300101066, 2016-11-23 08:36:26.252528
300101066, 2016-11-23 08:36:26.252530
300101066, 2016-11-23 08:36:26.252532
300101066, 2016-11-23 08:36:26.252534
300101066, 2016-11-23 08:36:26.252537
300101066, 2016-11-23 08:36:26.252539
300101066, 2016-11-23 08:36:26.252541
300101066, 2016-11-23 08:36:26.252543
300101066, 2016-11-23 08:36:26.252545
300101066, 2016-11-23 08:36:26.252547
300101066, 2016-11-23 08:36:26.252549
300101066, 2016-11-23 08:36:26.252551
300101066, 2016-11-23 08:36:26.252554
300101066, 2016-11-23 08:36:26.252556
300101066, 2016-11-23 08:36:26.252558
300101066, 2016-11-23 08:36:26.252560
300101066, 2016-11-23 08:36:26.252562
300101066, 2016-11-23 08:36:26.252564
300101066, 2016-11-23 08:36:26.252566
300101066, 2016-11-23 08:36:26.252568
300101066, 2016-11-23 08:36:26.252571
300101066, 2016-11-23 08:36:26.252573
300101066, 2016-11-23 08:36:26.252575
300101066, 2016-11-23 08:36:26.252577
300101066, 2016-11-23 08:36:26.252579
300101066, 2016-11-23 08:36:26.252581
300101066, 2016-11-23 08:36:26.252583
300101066, 2016-11-23 08:36:26.252585
300101066, 2016-11-23 08:36:26.252588
300101066, 2016-11-23 08:36:26.252590
300101066, 2016-11-23 08:36:26.252592
300101066, 2016-11-23 08:36:26.252594
300101066, 2016-11-23 08:36:26.252596
300101066, 2016-11-23 08:36:26.252598
300101066, 2016-11-23 08:36:26.252600
300101066, 2016-11-23 08:36:26.252603
300101066, 2016-11-23 08:36:26.252605
300101066, 2016-11-23 08:36:26.252607
300101066, 2016-11-23 08:36:26.252609
300101066, 2016-11-23 08:36:26.252611
300101066, 2016-11-23 08:36:26.252613
300101066, 2016-11-23 08:36:26.252615
300101066, 2016-11-23 08:36:26.252617
300101066, 2016-11-23 08:36:26.252620
300101066, 2016-11-23 08:36:26.252622
300101066, 2016-11-23 08:36:26.252624
300101066, 2016-11-23 08:36:26.252626
300101066, 2016-11-23 08:36:26.252628
300101066, 2016-11-23 08:36:26.252630
300101066, 2016-11-23 08:36:26.252632
300101066, 2016-11-23 08:36:26.252635
300101066, 2016-11-23 08:36:26.252637
300101066, 2016-11-23 08:36:26.252639
300101066, 2016-11-23 08:36:26.252641
300101066, 2016-11-23 08:36:26.252643
300101066, 2016-11-23 08:36:26.252645
300101066, 2016-11-23 08:36:26.252647
300101066, 2016-11-23 08:36:26.252649
300101066, 2016-11-23 08:36:26.252652
300101066, 2016-11-23 08:36:26.252654
300101066, 2016-11-23 08:36:26.252656
300101066, 2016-11-23 08:36:26.252658
300101066, 2016-11-23 08:36:26.252660
300101066, 2016-11-23 08:36:26.252667
300101066, 2016-11-23 08:36:26.252670
300101066, 2016-11-23 08:36:26.252672
300101066, 2016-11-23 08:36:26.252674
300101066, 2016-11-23 08:36:26.252676
300101066, 2016-11-23 08:36:26.252679
300101066, 2016-11-23 08:36:26.252681
300101066, 2016-11-23 08:36:26.252683
300101066, 2016-11-23 08:36:26.252685
300101066, 2016-11-23 08:36:26.252687
300101066, 2016-11-23 08:36:26.252689
300101066, 2016-11-23 08:36:26.252691
300101066, 2016-11-23 08:36:26.252694
300101066, 2016-11-23 08:36:26.252696
300101066, 2016-11-23 08:36:26.252698
300101066, 2016-11-23 08:36:26.252700
300101066, 2016-11-23 08:36:26.252702
300101066, 2016-11-23 08:36:26.252704
300101066, 2016-11-23 08:36:26.252706
300101066, 2016-11-23 08:36:26.252708
300101066, 2016-11-23 08:36:26.252711
300101066, 2016-11-23 08:36:26.252713
300101066, 2016-11-23 08:36:26.252715
300101066, 2016-11-23 08:36:26.252717
300101066, 2016-11-23 08:36:26.252719
300101066, 2016-11-23 08:36:26.252721
300101066, 2016-11-23 08:36:26.252723
300101066, 2016-11-23 08:36:26.252726
300101066, 2016-11-23 08:36:26.252728
300101066, 2016-11-23 08:36:26.252730
300101066, 2016-11-23 08:36:26.252732
300101066, 2016-11-23 08:36:26.252734
300101066, 2016-11-23 08:36:26.252736
300101066, 2016-11-23 08:36:26.252738
300101066, 2016-11-23 08:36:26.252741
300101066, 2016-11-23 08:36:26.252743
300101066, 2016-11-23 08:36:26.252745
300101066, 2016-11-23 08:36:26.252747
300101066, 2016-11-23 08:36:26.252749
300101066, 2016-11-23 08:36:26.252751
300101066, 2016-11-23 08:36:26.252753
300101066, 2016-11-23 08:36:26.252756
300101066, 2016-11-23 08:36:26.252758
300101066, 2016-11-23 08:36:26.252760
300101066, 2016-11-23 08:36:26.252762
300101066, 2016-11-23 08:36:26.252764
300101066, 2016-11-23 08:36:26.252766
300101066, 2016-11-23 08:36:26.252768
300101066, 2016-11-23 08:36:26.252771
300101066, 2016-11-23 08:36:26.252773
300101066, 2016-11-23 08:36:26.252775
300101066, 2016-11-23 08:36:26.252777
300101066, 2016-11-23 08:36:26.252779
300101066, 2016-11-23 08:36:26.252781
300101066, 2016-11-23 08:36:26.252783
300101066, 2016-11-23 08:36:26.252785
300101066, 2016-11-23 08:36:26.252788
300101066, 2016-11-23 08:36:26.252790
300101066, 2016-11-23 08:36:26.252792
300101066, 2016-11-23 08:36:26.252794
300101066, 2016-11-23 08:36:26.252796
300101066, 2016-11-23 08:36:26.252798
300101066, 2016-11-23 08:36:26.252800
300101066, 2016-11-23 08:36:26.252803
300101066, 2016-11-23 08:36:26.252805
300101066, 2016-11-23 08:36:26.252807
300101066, 2016-11-23 08:36:26.252809
300101066, 2016-11-23 08:36:26.252811
300101066, 2016-11-23 08:36:26.252813
300101066, 2016-11-23 08:36:26.252815
300101066, 2016-11-23 08:36:26.252818
300101066, 2016-11-23 08:36:26.252820
300101066, 2016-11-23 08:36:26.252822
300101066, 2016-11-23 08:36:26.252824
300101066, 2016-11-23 08:36:26.252826
300101066, 2016-11-23 08:36:26.252828
300101066, 2016-11-23 08:36:26.252830
300101066, 2016-11-23 08:36:26.252833
300101066, 2016-11-23 08:36:26.252835
300101066, 2016-11-23 08:36:26.252837
300101066, 2016-11-23 08:36:26.252839
300101066, 2016-11-23 08:36:26.252841
300101066, 2016-11-23 08:36:26.252843
300101066, 2016-11-23 08:36:26.252845
300101066, 2016-11-23 08:36:26.252848
300101066, 2016-11-23 08:36:26.252850
300101066, 2016-11-23 08:36:26.252852
300101066, 2016-11-23 08:36:26.252854
300101066, 2016-11-23 08:36:26.252856
300101066, 2016-11-23 08:36:26.252858
300101066, 2016-11-23 08:36:26.252860
300101066, 2016-11-23 08:36:26.252862
300101066, 2016-11-23 08:36:26.252865
300101066, 2016-11-23 08:36:26.252867
300101066, 2016-11-23 08:36:26.252869
300101066, 2016-11-23 08:36:26.252871
300101066, 2016-11-23 08:36:26.252873
300101066, 2016-11-23 08:36:26.252875
300101066, 2016-11-23 08:36:26.252877
300101066, 2016-11-23 08:36:26.252880
300101066, 2016-11-23 08:36:26.252882
300101066, 2016-11-23 08:36:26.252884
300101066, 2016-11-23 08:36:26.252886
300101066, 2016-11-23 08:36:26.252888
300101066, 2016-11-23 08:36:26.252890
300101066, 2016-11-23 08:36:26.252892
300101066, 2016-11-23 08:36:26.252895
300101066, 2016-11-23 08:36:26.252897
300101066, 2016-11-23 08:36:26.252904
300101066, 2016-11-23 08:36:26.252906
300101066, 2016-11-23 08:36:26.252909
300101066, 2016-11-23 08:36:26.252911
300101066, 2016-11-23 08:36:26.252913
300101066, 2016-11-23 08:36:26.252915
300101066, 2016-11-23 08:36:26.252917
300101066, 2016-11-23 08:36:26.252919
300101066, 2016-11-23 08:36:26.252921
300101066, 2016-11-23 08:36:26.252924
300101066, 2016-11-23 08:36:26.252926
300101066, 2016-11-23 08:36:26.252928
300101066, 2016-11-23 08:36:26.252930
300101066, 2016-11-23 08:36:26.252932
300101066, 2016-11-23 08:36:26.252934
300101066, 2016-11-23 08:36:26.252936
300101066, 2016-11-23 08:36:26.252939
300101066, 2016-11-23 08:36:26.252941
300101066, 2016-11-23 08:36:26.252943
300101066, 2016-11-23 08:36:26.252945
300101066, 2016-11-23 08:36:26.252947
300101066, 2016-11-23 08:36:26.252949
300101066, 2016-11-23 08:36:26.252951
300101066, 2016-11-23 08:36:26.252953
300101066, 2016-11-23 08:36:26.252956
300101066, 2016-11-23 08:36:26.252958
300101066, 2016-11-23 08:36:26.252960
300101066, 2016-11-23 08:36:26.252962
300101066, 2016-11-23 08:36:26.252964
300101066, 2016-11-23 08:36:26.252966
300101066, 2016-11-23 08:36:26.252968
300101066, 2016-11-23 08:36:26.252971
300101066, 2016-11-23 08:36:26.252973
300101066, 2016-11-23 08:36:26.252975
300101066, 2016-11-23 08:36:26.252977
300101066, 2016-11-23 08:36:26.252979
300101066, 2016-11-23 08:36:26.252981
300101066, 2016-11-23 08:36:26.252983
300101066, 2016-11-23 08:36:26.252985
300101066, 2016-11-23 08:36:26.252988
300101066, 2016-11-23 08:36:26.252990
300101066, 2016-11-23 08:36:26.252992
300101066, 2016-11-23 08:36:26.252994
300101066, 2016-11-23 08:36:26.252996
300101066, 2016-11-23 08:36:26.252998
300101066, 2016-11-23 08:36:26.253000
300101066, 2016-11-23 08:36:26.253003
300101066, 2016-11-23 08:36:26.253005
300101066, 2016-11-23 08:36:26.253007
300101066, 2016-11-23 08:36:26.253009
300101066, 2016-11-23 08:36:26.253011
300101066, 2016-11-23 08:36:26.253013
300101066, 2016-11-23 08:36:26.253015
300101066, 2016-11-23 08:36:26.253018
300101066, 2016-11-23 08:36:26.253020
300101066, 2016-11-23 08:36:26.253022
300101066, 2016-11-23 08:36:26.253024
300101066, 2016-11-23 08:36:26.253026
300101066, 2016-11-23 08:36:26.253028
300101066, 2016-11-23 08:36:26.253030
300101066, 2016-11-23 08:36:26.253032
300101066, 2016-11-23 08:36:26.253035
300101066, 2016-11-23 08:36:26.253037
300101066, 2016-11-23 08:36:26.253039
300101066, 2016-11-23 08:36:26.253041
300101066, 2016-11-23 08:36:26.253043
300101066, 2016-11-23 08:36:26.253045
300101066, 2016-11-23 08:36:26.253047
300101066, 2016-11-23 08:36:26.253049
300101066, 2016-11-23 08:36:26.253052
300101066, 2016-11-23 08:36:26.253054
300101066, 2016-11-23 08:36:26.253056
300101066, 2016-11-23 08:36:26.253058
300101066, 2016-11-23 08:36:26.253060
300101066, 2016-11-23 08:36:26.253062
300101066, 2016-11-23 08:36:26.253064
300101066, 2016-11-23 08:36:26.253066
300101066, 2016-11-23 08:36:26.253069
300101066, 2016-11-23 08:36:26.253071
300101066, 2016-11-23 08:36:26.253073
300101066, 2016-11-23 08:36:26.253075
300101066, 2016-11-23 08:36:26.253077
300101066, 2016-11-23 08:36:26.253079
300101066, 2016-11-23 08:36:26.253081
300101066, 2016-11-23 08:36:26.253084
300101066, 2016-11-23 08:36:26.253086
300101066, 2016-11-23 08:36:26.253088
300101066, 2016-11-23 08:36:26.253090
300101066, 2016-11-23 08:36:26.253092
300101066, 2016-11-23 08:36:26.253094
300101066, 2016-11-23 08:36:26.253096
300101066, 2016-11-23 08:36:26.253099
300101066, 2016-11-23 08:36:26.253101
300101066, 2016-11-23 08:36:26.253103
300101066, 2016-11-23 08:36:26.253105
300101066, 2016-11-23 08:36:26.253107
300101066, 2016-11-23 08:36:26.253109
300101066, 2016-11-23 08:36:26.253111
300101066, 2016-11-23 08:36:26.253113
300101066, 2016-11-23 08:36:26.253116
300101066, 2016-11-23 08:36:26.253118
300101066, 2016-11-23 08:36:26.253120
300101066, 2016-11-23 08:36:26.253122
300101066, 2016-11-23 08:36:26.253124
300101066, 2016-11-23 08:36:26.253126
300101066, 2016-11-23 08:36:26.253128
300101066, 2016-11-23 08:36:26.253131
300101066, 2016-11-23 08:36:26.253133
300101066, 2016-11-23 08:36:26.253140
300101066, 2016-11-23 08:36:26.253143
300101066, 2016-11-23 08:36:26.253145
300101066, 2016-11-23 08:36:26.253147
300101066, 2016-11-23 08:36:26.253149
300101066, 2016-11-23 08:36:26.253151
300101066, 2016-11-23 08:36:26.253153
300101066, 2016-11-23 08:36:26.253156
300101066, 2016-11-23 08:36:26.253158
300101066, 2016-11-23 08:36:26.253160
300101066, 2016-11-23 08:36:26.253162
300101066, 2016-11-23 08:36:26.253164
300101066, 2016-11-23 08:36:26.253166
300101066, 2016-11-23 08:36:26.253168
300101066, 2016-11-23 08:36:26.253171
300101066, 2016-11-23 08:36:26.253173
300101066, 2016-11-23 08:36:26.253175
300101066, 2016-11-23 08:36:26.253177
300101066, 2016-11-23 08:36:26.253179
300101066, 2016-11-23 08:36:26.253181
300101066, 2016-11-23 08:36:26.253183
300101066, 2016-11-23 08:36:26.253185
300101066, 2016-11-23 08:36:26.253188
300101066, 2016-11-23 08:36:26.253190
300101066, 2016-11-23 08:36:26.253192
300101066, 2016-11-23 08:36:26.253194
300101066, 2016-11-23 08:36:26.253196
300101066, 2016-11-23 08:36:26.253198
300101066, 2016-11-23 08:36:26.253200
300101066, 2016-11-23 08:36:26.253202
300101066, 2016-11-23 08:36:26.253205
300101066, 2016-11-23 08:36:26.253207
300101066, 2016-11-23 08:36:26.253209
300101066, 2016-11-23 08:36:26.253211
300101066, 2016-11-23 08:36:26.253213
300101066, 2016-11-23 08:36:26.253215
300101066, 2016-11-23 08:36:26.253217
300101066, 2016-11-23 08:36:26.253220
300101066, 2016-11-23 08:36:26.253222
300101066, 2016-11-23 08:36:26.253224
300101066, 2016-11-23 08:36:26.253226
300101066, 2016-11-23 08:36:26.253228
300101066, 2016-11-23 08:36:26.253230
300101066, 2016-11-23 08:36:26.253232
300101066, 2016-11-23 08:36:26.253234
300101066, 2016-11-23 08:36:26.253237
300101066, 2016-11-23 08:36:26.253239
300101066, 2016-11-23 08:36:26.253241
300101066, 2016-11-23 08:36:26.253243
300101066, 2016-11-23 08:36:26.253245
300101066, 2016-11-23 08:36:26.253247
300101066, 2016-11-23 08:36:26.253249
300101066, 2016-11-23 08:36:26.253251
300101066, 2016-11-23 08:36:26.253254
300101066, 2016-11-23 08:36:26.253256
300101066, 2016-11-23 08:36:26.253258
300101066, 2016-11-23 08:36:26.253260
300101066, 2016-11-23 08:36:26.253262
300101066, 2016-11-23 08:36:26.253264
300101066, 2016-11-23 08:36:26.253266
300101066, 2016-11-23 08:36:26.253268
300101066, 2016-11-23 08:36:26.253271
300101066, 2016-11-23 08:36:26.253273
300101066, 2016-11-23 08:36:26.253275
300101066, 2016-11-23 08:36:26.253277
300101066, 2016-11-23 08:36:26.253279
300101066, 2016-11-23 08:36:26.253281
300101066, 2016-11-23 08:36:26.253283
300101066, 2016-11-23 08:36:26.253285
300101066, 2016-11-23 08:36:26.253288
300101066, 2016-11-23 08:36:26.253290
300101066, 2016-11-23 08:36:26.253292
300101066, 2016-11-23 08:36:26.253294
300101066, 2016-11-23 08:36:26.253296
300101066, 2016-11-23 08:36:26.253298
300101066, 2016-11-23 08:36:26.253300
300101066, 2016-11-23 08:36:26.253303
300101066, 2016-11-23 08:36:26.253305
300101066, 2016-11-23 08:36:26.253307
300101066, 2016-11-23 08:36:26.253309
300101066, 2016-11-23 08:36:26.253311
300101066, 2016-11-23 08:36:26.253313
300101066, 2016-11-23 08:36:26.253315
300101066, 2016-11-23 08:36:26.253317
300101066, 2016-11-23 08:36:26.253320
300101066, 2016-11-23 08:36:26.253322
300101066, 2016-11-23 08:36:26.253324
300101066, 2016-11-23 08:36:26.253326
300101066, 2016-11-23 08:36:26.253328
300101066, 2016-11-23 08:36:26.253330
300101066, 2016-11-23 08:36:26.253332
300101066, 2016-11-23 08:36:26.253334
300101066, 2016-11-23 08:36:26.253337
300101066, 2016-11-23 08:36:26.253339
300101066, 2016-11-23 08:36:26.253341
300101066, 2016-11-23 08:36:26.253343
300101066, 2016-11-23 08:36:26.253345
300101066, 2016-11-23 08:36:26.253347
300101066, 2016-11-23 08:36:26.253349
300101066, 2016-11-23 08:36:26.253352
300101066, 2016-11-23 08:36:26.253354
300101066, 2016-11-23 08:36:26.253356
300101066, 2016-11-23 08:36:26.253358
300101066, 2016-11-23 08:36:26.253360
300101066, 2016-11-23 08:36:26.253362
300101066, 2016-11-23 08:36:26.253364
300101066, 2016-11-23 08:36:26.253366
300101066, 2016-11-23 08:36:26.253374
300101066, 2016-11-23 08:36:26.253376
300101066, 2016-11-23 08:36:26.253379
300101066, 2016-11-23 08:36:26.253381
300101066, 2016-11-23 08:36:26.253383
300101066, 2016-11-23 08:36:26.253385
300101066, 2016-11-23 08:36:26.253387
300101066, 2016-11-23 08:36:26.253389
300101066, 2016-11-23 08:36:26.253391
300101066, 2016-11-23 08:36:26.253394
300101066, 2016-11-23 08:36:26.253396
300101066, 2016-11-23 08:36:26.253398
300101066, 2016-11-23 08:36:26.253400
300101066, 2016-11-23 08:36:26.253402
300101066, 2016-11-23 08:36:26.253404
300101066, 2016-11-23 08:36:26.253406
300101066, 2016-11-23 08:36:26.253409
300101066, 2016-11-23 08:36:26.253411
300101066, 2016-11-23 08:36:26.253413
300101066, 2016-11-23 08:36:26.253415
300101066, 2016-11-23 08:36:26.253417
300101066, 2016-11-23 08:36:26.253419
300101066, 2016-11-23 08:36:26.253421
300101066, 2016-11-23 08:36:26.253423
300101066, 2016-11-23 08:36:26.253426
300101066, 2016-11-23 08:36:26.253428
300101066, 2016-11-23 08:36:26.253430
300101066, 2016-11-23 08:36:26.253432
300101066, 2016-11-23 08:36:26.253434
300101066, 2016-11-23 08:36:26.253436
300101066, 2016-11-23 08:36:26.253438
300101066, 2016-11-23 08:36:26.253441
300101066, 2016-11-23 08:36:26.253443
300101066, 2016-11-23 08:36:26.253445
300101066, 2016-11-23 08:36:26.253447
300101066, 2016-11-23 08:36:26.253449
300101066, 2016-11-23 08:36:26.253451
300101066, 2016-11-23 08:36:26.253453
300101066, 2016-11-23 08:36:26.253455
300101066, 2016-11-23 08:36:26.253458
300101066, 2016-11-23 08:36:26.253460
300101066, 2016-11-23 08:36:26.253462
300101066, 2016-11-23 08:36:26.253464
300101066, 2016-11-23 08:36:26.253466
300101066, 2016-11-23 08:36:26.253468
300101066, 2016-11-23 08:36:26.253470
300101066, 2016-11-23 08:36:26.253473
300101066, 2016-11-23 08:36:26.253475
300101066, 2016-11-23 08:36:26.253477
300101066, 2016-11-23 08:36:26.253479
300101066, 2016-11-23 08:36:26.253481
300101066, 2016-11-23 08:36:26.253483
300101066, 2016-11-23 08:36:26.253485
300101066, 2016-11-23 08:36:26.253487
300101066, 2016-11-23 08:36:26.253490
300101066, 2016-11-23 08:36:26.253492
300101066, 2016-11-23 08:36:26.253494
300101066, 2016-11-23 08:36:26.253496
300101066, 2016-11-23 08:36:26.253498
300101066, 2016-11-23 08:36:26.253500
300101066, 2016-11-23 08:36:26.253502
300101066, 2016-11-23 08:36:26.253505
300101066, 2016-11-23 08:36:26.253507
300101066, 2016-11-23 08:36:26.253509
300101066, 2016-11-23 08:36:26.253511
300101066, 2016-11-23 08:36:26.253513
300101066, 2016-11-23 08:36:26.253515
300101066, 2016-11-23 08:36:26.253517
300101066, 2016-11-23 08:36:26.253520
300101066, 2016-11-23 08:36:26.253522
300101066, 2016-11-23 08:36:26.253524
300101066, 2016-11-23 08:36:26.253526
300101066, 2016-11-23 08:36:26.253528
300101066, 2016-11-23 08:36:26.253530
300101066, 2016-11-23 08:36:26.253532
300101066, 2016-11-23 08:36:26.253534
300101066, 2016-11-23 08:36:26.253537
300101066, 2016-11-23 08:36:26.253539
300101066, 2016-11-23 08:36:26.253541
300101066, 2016-11-23 08:36:26.253543
300101066, 2016-11-23 08:36:26.253545
300101066, 2016-11-23 08:36:26.253547
300101066, 2016-11-23 08:36:26.253549
300101066, 2016-11-23 08:36:26.253552
300101066, 2016-11-23 08:36:26.253554
300101066, 2016-11-23 08:36:26.253556
300101066, 2016-11-23 08:36:26.253558
300101066, 2016-11-23 08:36:26.253560
300101066, 2016-11-23 08:36:26.253562
300101066, 2016-11-23 08:36:26.253564
300101066, 2016-11-23 08:36:26.253567
300101066, 2016-11-23 08:36:26.253569
300101066, 2016-11-23 08:36:26.253571
300101066, 2016-11-23 08:36:26.253573
300101066, 2016-11-23 08:36:26.253575
300101066, 2016-11-23 08:36:26.253577
300101066, 2016-11-23 08:36:26.253579
300101066, 2016-11-23 08:36:26.253582
300101066, 2016-11-23 08:36:26.253584
300101066, 2016-11-23 08:36:26.253586
300101066, 2016-11-23 08:36:26.253588
300101066, 2016-11-23 08:36:26.253590
300101066, 2016-11-23 08:36:26.253592
300101066, 2016-11-23 08:36:26.253594
300101066, 2016-11-23 08:36:26.253597
300101066, 2016-11-23 08:36:26.253599
300101066, 2016-11-23 08:36:26.253601
300101066, 2016-11-23 08:36:26.253603
300101066, 2016-11-23 08:36:26.253610
300101066, 2016-11-23 08:36:26.253613
300101066, 2016-11-23 08:36:26.253615
300101066, 2016-11-23 08:36:26.253617
300101066, 2016-11-23 08:36:26.253619
300101066, 2016-11-23 08:36:26.253621
300101066, 2016-11-23 08:36:26.253623
300101066, 2016-11-23 08:36:26.253626
300101066, 2016-11-23 08:36:26.253628
300101066, 2016-11-23 08:36:26.253630
300101066, 2016-11-23 08:36:26.253632
300101066, 2016-11-23 08:36:26.253634
300101066, 2016-11-23 08:36:26.253636
300101066, 2016-11-23 08:36:26.253638
300101066, 2016-11-23 08:36:26.253641
300101066, 2016-11-23 08:36:26.253643
300101066, 2016-11-23 08:36:26.253645
300101066, 2016-11-23 08:36:26.253647
300101066, 2016-11-23 08:36:26.253649
300101066, 2016-11-23 08:36:26.253651
300101066, 2016-11-23 08:36:26.253653
300101066, 2016-11-23 08:36:26.253656
300101066, 2016-11-23 08:36:26.253658
300101066, 2016-11-23 08:36:26.253660
300101066, 2016-11-23 08:36:26.253662
300101066, 2016-11-23 08:36:26.253664
300101066, 2016-11-23 08:36:26.253666
300101066, 2016-11-23 08:36:26.253668
300101066, 2016-11-23 08:36:26.253671
300101066, 2016-11-23 08:36:26.253673
300101066, 2016-11-23 08:36:26.253675
300101066, 2016-11-23 08:36:26.253677
300101066, 2016-11-23 08:36:26.253679
300101066, 2016-11-23 08:36:26.253681
300101066, 2016-11-23 08:36:26.253683
300101066, 2016-11-23 08:36:26.253686
300101066, 2016-11-23 08:36:26.253688
300101066, 2016-11-23 08:36:26.253690
300101066, 2016-11-23 08:36:26.253692
300101066, 2016-11-23 08:36:26.253694
300101066, 2016-11-23 08:36:26.253696
300101066, 2016-11-23 08:36:26.253698
300101066, 2016-11-23 08:36:26.253700
300101066, 2016-11-23 08:36:26.253703
300101066, 2016-11-23 08:36:26.253705
300101066, 2016-11-23 08:36:26.253707
300101066, 2016-11-23 08:36:26.253709
300101066, 2016-11-23 08:36:26.253711
300101066, 2016-11-23 08:36:26.253713
300101066, 2016-11-23 08:36:26.253715
300101066, 2016-11-23 08:36:26.253718
300101066, 2016-11-23 08:36:26.253720
300101066, 2016-11-23 08:36:26.253722
300101066, 2016-11-23 08:36:26.253724
300101066, 2016-11-23 08:36:26.253726
300101066, 2016-11-23 08:36:26.253728
300101066, 2016-11-23 08:36:26.253730
300101066, 2016-11-23 08:36:26.253733
300101066, 2016-11-23 08:36:26.253735
300101066, 2016-11-23 08:36:26.253737
300101066, 2016-11-23 08:36:26.253739
300101066, 2016-11-23 08:36:26.253741
300101066, 2016-11-23 08:36:26.253743
300101066, 2016-11-23 08:36:26.253745
300101066, 2016-11-23 08:36:26.253748
300101066, 2016-11-23 08:36:26.253750
300101066, 2016-11-23 08:36:26.253752
300101066, 2016-11-23 08:36:26.253754
300101066, 2016-11-23 08:36:26.253756
300101066, 2016-11-23 08:36:26.253758
300101066, 2016-11-23 08:36:26.253760
300101066, 2016-11-23 08:36:26.253762
300101066, 2016-11-23 08:36:26.253765
300101066, 2016-11-23 08:36:26.253767
300101066, 2016-11-23 08:36:26.253769
300101066, 2016-11-23 08:36:26.253771
300101066, 2016-11-23 08:36:26.253773
300101066, 2016-11-23 08:36:26.253775
300101066, 2016-11-23 08:36:26.253777
300101066, 2016-11-23 08:36:26.253780
300101066, 2016-11-23 08:36:26.253782
300101066, 2016-11-23 08:36:26.253784
300101066, 2016-11-23 08:36:26.253786
300101066, 2016-11-23 08:36:26.253788
300101066, 2016-11-23 08:36:26.253790
300101066, 2016-11-23 08:36:26.253792
300101066, 2016-11-23 08:36:26.253794
300101066, 2016-11-23 08:36:26.253797
300101066, 2016-11-23 08:36:26.253799
300101066, 2016-11-23 08:36:26.253801
300101066, 2016-11-23 08:36:26.253803
300101066, 2016-11-23 08:36:26.253805
300101066, 2016-11-23 08:36:26.253807
300101066, 2016-11-23 08:36:26.253809
300101066, 2016-11-23 08:36:26.253812
300101066, 2016-11-23 08:36:26.253814
300101066, 2016-11-23 08:36:26.253816
300101066, 2016-11-23 08:36:26.253818
300101066, 2016-11-23 08:36:26.253820
300101066, 2016-11-23 08:36:26.253822
300101066, 2016-11-23 08:36:26.253824
300101066, 2016-11-23 08:36:26.253826
300101066, 2016-11-23 08:36:26.253829
300101066, 2016-11-23 08:36:26.253831
300101066, 2016-11-23 08:36:26.253833
300101066, 2016-11-23 08:36:26.253835
300101066, 2016-11-23 08:36:26.253837
300101066, 2016-11-23 08:36:26.253839
300101066, 2016-11-23 08:36:26.253847
300101066, 2016-11-23 08:36:26.253849
300101066, 2016-11-23 08:36:26.253851
300101066, 2016-11-23 08:36:26.253853
300101066, 2016-11-23 08:36:26.253856
300101066, 2016-11-23 08:36:26.253858
300101066, 2016-11-23 08:36:26.253860
300101066, 2016-11-23 08:36:26.253862
300101066, 2016-11-23 08:36:26.253864
300101066, 2016-11-23 08:36:26.253866
300101066, 2016-11-23 08:36:26.253868
300101066, 2016-11-23 08:36:26.253871
300101066, 2016-11-23 08:36:26.253873
300101066, 2016-11-23 08:36:26.253875
300101066, 2016-11-23 08:36:26.253877
300101066, 2016-11-23 08:36:26.253879
300101066, 2016-11-23 08:36:26.253881
300101066, 2016-11-23 08:36:26.253883
300101066, 2016-11-23 08:36:26.253886
300101066, 2016-11-23 08:36:26.253888
300101066, 2016-11-23 08:36:26.253890
300101066, 2016-11-23 08:36:26.253892
300101066, 2016-11-23 08:36:26.253894
300101066, 2016-11-23 08:36:26.253896
300101066, 2016-11-23 08:36:26.253898
300101066, 2016-11-23 08:36:26.253901
300101066, 2016-11-23 08:36:26.253903
300101066, 2016-11-23 08:36:26.253905
300101066, 2016-11-23 08:36:26.253907
300101066, 2016-11-23 08:36:26.253909
300101066, 2016-11-23 08:36:26.253911
300101066, 2016-11-23 08:36:26.253913
300101066, 2016-11-23 08:36:26.253916
300101066, 2016-11-23 08:36:26.253918
300101066, 2016-11-23 08:36:26.253920
300101066, 2016-11-23 08:36:26.253922
300101066, 2016-11-23 08:36:26.253924
300101066, 2016-11-23 08:36:26.253926
300101066, 2016-11-23 08:36:26.253928
300101066, 2016-11-23 08:36:26.253930
300101066, 2016-11-23 08:36:26.253933
300101066, 2016-11-23 08:36:26.253935
300101066, 2016-11-23 08:36:26.253937
300101066, 2016-11-23 08:36:26.253939
300101066, 2016-11-23 08:36:26.253941
300101066, 2016-11-23 08:36:26.253943
300101066, 2016-11-23 08:36:26.253945
300101066, 2016-11-23 08:36:26.253948
300101066, 2016-11-23 08:36:26.253950
300101066, 2016-11-23 08:36:26.253952
300101066, 2016-11-23 08:36:26.253954
300101066, 2016-11-23 08:36:26.253956
300101066, 2016-11-23 08:36:26.253958
300101066, 2016-11-23 08:36:26.253960
300101066, 2016-11-23 08:36:26.253963
300101066, 2016-11-23 08:36:26.253965
300101066, 2016-11-23 08:36:26.253967
300101066, 2016-11-23 08:36:26.253969
300101066, 2016-11-23 08:36:26.253971
300101066, 2016-11-23 08:36:26.253973
300101066, 2016-11-23 08:36:26.253975
300101066, 2016-11-23 08:36:26.253978
300101066, 2016-11-23 08:36:26.253980
300101066, 2016-11-23 08:36:26.253982
300101066, 2016-11-23 08:36:26.253984
300101066, 2016-11-23 08:36:26.253986
300101066, 2016-11-23 08:36:26.253988
300101066, 2016-11-23 08:36:26.253990
300101066, 2016-11-23 08:36:26.253993
300101066, 2016-11-23 08:36:26.253995
300101066, 2016-11-23 08:36:26.253997
300101066, 2016-11-23 08:36:26.253999
300101066, 2016-11-23 08:36:26.254001
300101066, 2016-11-23 08:36:26.254003
300101066, 2016-11-23 08:36:26.254005
300101066, 2016-11-23 08:36:26.254008
300101066, 2016-11-23 08:36:26.254010
300101066, 2016-11-23 08:36:26.254012
300101066, 2016-11-23 08:36:26.254014
300101066, 2016-11-23 08:36:26.254016
300101066, 2016-11-23 08:36:26.254018
300101066, 2016-11-23 08:36:26.254020
300101066, 2016-11-23 08:36:26.254022
300101066, 2016-11-23 08:36:26.254025
300101066, 2016-11-23 08:36:26.254027
300101066, 2016-11-23 08:36:26.254029
300101066, 2016-11-23 08:36:26.254031
300101066, 2016-11-23 08:36:26.254033
300101066, 2016-11-23 08:36:26.254035
300101066, 2016-11-23 08:36:26.254037
300101066, 2016-11-23 08:36:26.254040
300101066, 2016-11-23 08:36:26.254042
300101066, 2016-11-23 08:36:26.254044
300101066, 2016-11-23 08:36:26.254046
300101066, 2016-11-23 08:36:26.254048
300101066, 2016-11-23 08:36:26.254050
300101066, 2016-11-23 08:36:26.254052
300101066, 2016-11-23 08:36:26.254054
300101066, 2016-11-23 08:36:26.254057
300101066, 2016-11-23 08:36:26.254059
300101066, 2016-11-23 08:36:26.254061
300101066, 2016-11-23 08:36:26.254063
300101066, 2016-11-23 08:36:26.254065
300101066, 2016-11-23 08:36:26.254067
300101066, 2016-11-23 08:36:26.254069
300101066, 2016-11-23 08:36:26.254072
300101066, 2016-11-23 08:36:26.254074
300101066, 2016-11-23 08:36:26.254076
300101066, 2016-11-23 08:36:26.254083
300101066, 2016-11-23 08:36:26.254086
300101066, 2016-11-23 08:36:26.254088
300101066, 2016-11-23 08:36:26.254090
300101066, 2016-11-23 08:36:26.254092
300101066, 2016-11-23 08:36:26.254094
300101066, 2016-11-23 08:36:26.254097
300101066, 2016-11-23 08:36:26.254099
300101066, 2016-11-23 08:36:26.254101
300101066, 2016-11-23 08:36:26.254103
300101066, 2016-11-23 08:36:26.254105
300101066, 2016-11-23 08:36:26.254107
300101066, 2016-11-23 08:36:26.254109
300101066, 2016-11-23 08:36:26.254112
300101066, 2016-11-23 08:36:26.254114
300101066, 2016-11-23 08:36:26.254116
300101066, 2016-11-23 08:36:26.254118
300101066, 2016-11-23 08:36:26.254120
300101066, 2016-11-23 08:36:26.254122
300101066, 2016-11-23 08:36:26.254124
300101066, 2016-11-23 08:36:26.254127
300101066, 2016-11-23 08:36:26.254129
300101066, 2016-11-23 08:36:26.254131
300101066, 2016-11-23 08:36:26.254133
300101066, 2016-11-23 08:36:26.254135
300101066, 2016-11-23 08:36:26.254137
300101066, 2016-11-23 08:36:26.254139
300101066, 2016-11-23 08:36:26.254142
300101066, 2016-11-23 08:36:26.254144
300101066, 2016-11-23 08:36:26.254146
300101066, 2016-11-23 08:36:26.254148
300101066, 2016-11-23 08:36:26.254150
300101066, 2016-11-23 08:36:26.254152
300101066, 2016-11-23 08:36:26.254154
300101066, 2016-11-23 08:36:26.254157
300101066, 2016-11-23 08:36:26.254159
300101066, 2016-11-23 08:36:26.254161
300101066, 2016-11-23 08:36:26.254163
300101066, 2016-11-23 08:36:26.254165
300101066, 2016-11-23 08:36:26.254167
300101066, 2016-11-23 08:36:26.254169
300101066, 2016-11-23 08:36:26.254172
300101066, 2016-11-23 08:36:26.254174
300101066, 2016-11-23 08:36:26.254176
300101066, 2016-11-23 08:36:26.254178
300101066, 2016-11-23 08:36:26.254180
300101066, 2016-11-23 08:36:26.254182
300101066, 2016-11-23 08:36:26.254184
300101066, 2016-11-23 08:36:26.254186
300101066, 2016-11-23 08:36:26.254189
300101066, 2016-11-23 08:36:26.254191
300101066, 2016-11-23 08:36:26.254193
300101066, 2016-11-23 08:36:26.254195
300101066, 2016-11-23 08:36:26.254197
300101066, 2016-11-23 08:36:26.254199
300101066, 2016-11-23 08:36:26.254201
300101066, 2016-11-23 08:36:26.254204
300101066, 2016-11-23 08:36:26.254206
300101066, 2016-11-23 08:36:26.254208
300101066, 2016-11-23 08:36:26.254210
300101066, 2016-11-23 08:36:26.254212
300101066, 2016-11-23 08:36:26.254214
300101066, 2016-11-23 08:36:26.254216
300101066, 2016-11-23 08:36:26.254219
300101066, 2016-11-23 08:36:26.254221
300101066, 2016-11-23 08:36:26.254223
300101066, 2016-11-23 08:36:26.254225
300101066, 2016-11-23 08:36:26.254227
300101066, 2016-11-23 08:36:26.254229
300101066, 2016-11-23 08:36:26.254231
300101066, 2016-11-23 08:36:26.254233
300101066, 2016-11-23 08:36:26.254236
300101066, 2016-11-23 08:36:26.254238
300101066, 2016-11-23 08:36:26.254240
300101066, 2016-11-23 08:36:26.254242
300101066, 2016-11-23 08:36:26.254244
300101066, 2016-11-23 08:36:26.254246
300101066, 2016-11-23 08:36:26.254248
300101066, 2016-11-23 08:36:26.254250
300101066, 2016-11-23 08:36:26.254253
300101066, 2016-11-23 08:36:26.254255
300101066, 2016-11-23 08:36:26.254257
300101066, 2016-11-23 08:36:26.254259
300101066, 2016-11-23 08:36:26.254261
300101066, 2016-11-23 08:36:26.254263
300101066, 2016-11-23 08:36:26.254265
300101066, 2016-11-23 08:36:26.254268
300101066, 2016-11-23 08:36:26.254270
300101066, 2016-11-23 08:36:26.254272
300101066, 2016-11-23 08:36:26.254274
300101066, 2016-11-23 08:36:26.254276
300101066, 2016-11-23 08:36:26.254278
300101066, 2016-11-23 08:36:26.254280
300101066, 2016-11-23 08:36:26.254282
300101066, 2016-11-23 08:36:26.254285
300101066, 2016-11-23 08:36:26.254287
300101066, 2016-11-23 08:36:26.254289
300101066, 2016-11-23 08:36:26.254291
300101066, 2016-11-23 08:36:26.254293
300101066, 2016-11-23 08:36:26.254295
300101066, 2016-11-23 08:36:26.254297
300101066, 2016-11-23 08:36:26.254299
300101066, 2016-11-23 08:36:26.254302
300101066, 2016-11-23 08:36:26.254304
300101066, 2016-11-23 08:36:26.254306
300101066, 2016-11-23 08:36:26.254308
300101066, 2016-11-23 08:36:26.254310
300101066, 2016-11-23 08:36:26.254312
300101066, 2016-11-23 08:36:26.254320
300101066, 2016-11-23 08:36:26.254323
300101066, 2016-11-23 08:36:26.254325
300101066, 2016-11-23 08:36:26.254327
300101066, 2016-11-23 08:36:26.254329
300101066, 2016-11-23 08:36:26.254331
300101066, 2016-11-23 08:36:26.254333
300101066, 2016-11-23 08:36:26.254336
300101066, 2016-11-23 08:36:26.254338
300101066, 2016-11-23 08:36:26.254340
300101066, 2016-11-23 08:36:26.254342
300101066, 2016-11-23 08:36:26.254344
300101066, 2016-11-23 08:36:26.254346
300101066, 2016-11-23 08:36:26.254348
300101066, 2016-11-23 08:36:26.254351
300101066, 2016-11-23 08:36:26.254353
300101066, 2016-11-23 08:36:26.254355
300101066, 2016-11-23 08:36:26.254357
300101066, 2016-11-23 08:36:26.254359
300101066, 2016-11-23 08:36:26.254361
300101066, 2016-11-23 08:36:26.254363
300101066, 2016-11-23 08:36:26.254365
300101066, 2016-11-23 08:36:26.254368
300101066, 2016-11-23 08:36:26.254370
300101066, 2016-11-23 08:36:26.254372
300101066, 2016-11-23 08:36:26.254374
300101066, 2016-11-23 08:36:26.254376
300101066, 2016-11-23 08:36:26.254378
300101066, 2016-11-23 08:36:26.254380
300101066, 2016-11-23 08:36:26.254383
300101066, 2016-11-23 08:36:26.254385
300101066, 2016-11-23 08:36:26.254387
300101066, 2016-11-23 08:36:26.254389
300101066, 2016-11-23 08:36:26.254391
300101066, 2016-11-23 08:36:26.254393
300101066, 2016-11-23 08:36:26.254395
300101066, 2016-11-23 08:36:26.254398
300101066, 2016-11-23 08:36:26.254400
300101066, 2016-11-23 08:36:26.254402
300101066, 2016-11-23 08:36:26.254404
300101066, 2016-11-23 08:36:26.254406
300101066, 2016-11-23 08:36:26.254408
300101066, 2016-11-23 08:36:26.254410
300101066, 2016-11-23 08:36:26.254413
300101066, 2016-11-23 08:36:26.254415
300101066, 2016-11-23 08:36:26.254417
300101066, 2016-11-23 08:36:26.254419
300101066, 2016-11-23 08:36:26.254421
300101066, 2016-11-23 08:36:26.254423
300101066, 2016-11-23 08:36:26.254425
300101066, 2016-11-23 08:36:26.254427
300101066, 2016-11-23 08:36:26.254430
300101066, 2016-11-23 08:36:26.254432
300101066, 2016-11-23 08:36:26.254434
300101066, 2016-11-23 08:36:26.254436
300101066, 2016-11-23 08:36:26.254438
300101066, 2016-11-23 08:36:26.254440
300101066, 2016-11-23 08:36:26.254442
300101066, 2016-11-23 08:36:26.254445
300101066, 2016-11-23 08:36:26.254447
300101066, 2016-11-23 08:36:26.254449
300101066, 2016-11-23 08:36:26.254451
300101066, 2016-11-23 08:36:26.254453
300101066, 2016-11-23 08:36:26.254455
300101066, 2016-11-23 08:36:26.254457
300101066, 2016-11-23 08:36:26.254460
300101066, 2016-11-23 08:36:26.254462
300101066, 2016-11-23 08:36:26.254464
300101066, 2016-11-23 08:36:26.254466
300101066, 2016-11-23 08:36:26.254468
300101066, 2016-11-23 08:36:26.254470
300101066, 2016-11-23 08:36:26.254472
300101066, 2016-11-23 08:36:26.254475
300101066, 2016-11-23 08:36:26.254477
300101066, 2016-11-23 08:36:26.254479
300101066, 2016-11-23 08:36:26.254481
300101066, 2016-11-23 08:36:26.254483
300101066, 2016-11-23 08:36:26.254485
300101066, 2016-11-23 08:36:26.254487
300101066, 2016-11-23 08:36:26.254489
300101066, 2016-11-23 08:36:26.254492
300101066, 2016-11-23 08:36:26.254494
300101066, 2016-11-23 08:36:26.254496
300101066, 2016-11-23 08:36:26.254498
300101066, 2016-11-23 08:36:26.254500
300101066, 2016-11-23 08:36:26.254502
300101066, 2016-11-23 08:36:26.254504
300101066, 2016-11-23 08:36:26.254506
300101066, 2016-11-23 08:36:26.254509
300101066, 2016-11-23 08:36:26.254511
300101066, 2016-11-23 08:36:26.254513
300101066, 2016-11-23 08:36:26.254515
300101066, 2016-11-23 08:36:26.254517
300101066, 2016-11-23 08:36:26.254519
300101066, 2016-11-23 08:36:26.254521
300101066, 2016-11-23 08:36:26.254524
300101066, 2016-11-23 08:36:26.254526
300101066, 2016-11-23 08:36:26.254528
300101066, 2016-11-23 08:36:26.254530
300101066, 2016-11-23 08:36:26.254532
300101066, 2016-11-23 08:36:26.254534
300101066, 2016-11-23 08:36:26.254536
300101066, 2016-11-23 08:36:26.254538
300101066, 2016-11-23 08:36:26.254541
300101066, 2016-11-23 08:36:26.254543
300101066, 2016-11-23 08:36:26.254545
300101066, 2016-11-23 08:36:26.254547
300101066, 2016-11-23 08:36:26.254554
300101066, 2016-11-23 08:36:26.254557
300101066, 2016-11-23 08:36:26.254559
300101066, 2016-11-23 08:36:26.254561
300101066, 2016-11-23 08:36:26.254564
300101066, 2016-11-23 08:36:26.254566
300101066, 2016-11-23 08:36:26.254568
300101066, 2016-11-23 08:36:26.254570
300101066, 2016-11-23 08:36:26.254572
300101066, 2016-11-23 08:36:26.254574
300101066, 2016-11-23 08:36:26.254576
300101066, 2016-11-23 08:36:26.254579
300101066, 2016-11-23 08:36:26.254581
300101066, 2016-11-23 08:36:26.254583
300101066, 2016-11-23 08:36:26.254585
300101066, 2016-11-23 08:36:26.254587
300101066, 2016-11-23 08:36:26.254589
300101066, 2016-11-23 08:36:26.254591
300101066, 2016-11-23 08:36:26.254594
300101066, 2016-11-23 08:36:26.254596
300101066, 2016-11-23 08:36:26.254598
300101066, 2016-11-23 08:36:26.254600
300101066, 2016-11-23 08:36:26.254602
300101066, 2016-11-23 08:36:26.254604
300101066, 2016-11-23 08:36:26.254606
300101066, 2016-11-23 08:36:26.254609
300101066, 2016-11-23 08:36:26.254611
300101066, 2016-11-23 08:36:26.254613
300101066, 2016-11-23 08:36:26.254615
300101066, 2016-11-23 08:36:26.254617
300101066, 2016-11-23 08:36:26.254619
300101066, 2016-11-23 08:36:26.254621
300101066, 2016-11-23 08:36:26.254624
300101066, 2016-11-23 08:36:26.254626
300101066, 2016-11-23 08:36:26.254628
300101066, 2016-11-23 08:36:26.254630
300101066, 2016-11-23 08:36:26.254632
300101066, 2016-11-23 08:36:26.254634
300101066, 2016-11-23 08:36:26.254636
300101066, 2016-11-23 08:36:26.254639
300101066, 2016-11-23 08:36:26.254641
300101066, 2016-11-23 08:36:26.254643
300101066, 2016-11-23 08:36:26.254645
300101066, 2016-11-23 08:36:26.254647
300101066, 2016-11-23 08:36:26.254649
300101066, 2016-11-23 08:36:26.254651
300101066, 2016-11-23 08:36:26.254653
300101066, 2016-11-23 08:36:26.254656
300101066, 2016-11-23 08:36:26.254658
300101066, 2016-11-23 08:36:26.254660
300101066, 2016-11-23 08:36:26.254662
300101066, 2016-11-23 08:36:26.254664
300101066, 2016-11-23 08:36:26.254666
300101066, 2016-11-23 08:36:26.254669
300101066, 2016-11-23 08:36:26.254671
300101066, 2016-11-23 08:36:26.254673
300101066, 2016-11-23 08:36:26.254675
300101066, 2016-11-23 08:36:26.254677
300101066, 2016-11-23 08:36:26.254679
300101066, 2016-11-23 08:36:26.254681
300101066, 2016-11-23 08:36:26.254684
300101066, 2016-11-23 08:36:26.254686
300101066, 2016-11-23 08:36:26.254688
300101066, 2016-11-23 08:36:26.254690
300101066, 2016-11-23 08:36:26.254692
300101066, 2016-11-23 08:36:26.254694
300101066, 2016-11-23 08:36:26.254696
300101066, 2016-11-23 08:36:26.254698
300101066, 2016-11-23 08:36:26.254701
300101066, 2016-11-23 08:36:26.254703
300101066, 2016-11-23 08:36:26.254705
300101066, 2016-11-23 08:36:26.254707
300101066, 2016-11-23 08:36:26.254709
300101066, 2016-11-23 08:36:26.254711
300101066, 2016-11-23 08:36:26.254713
300101066, 2016-11-23 08:36:26.254716
300101066, 2016-11-23 08:36:26.254718
300101066, 2016-11-23 08:36:26.254720
300101066, 2016-11-23 08:36:26.254722
300101066, 2016-11-23 08:36:26.254724
300101066, 2016-11-23 08:36:26.254726
300101066, 2016-11-23 08:36:26.254728
300101066, 2016-11-23 08:36:26.254731
300101066, 2016-11-23 08:36:26.254733
300101066, 2016-11-23 08:36:26.254735
300101066, 2016-11-23 08:36:26.254737
300101066, 2016-11-23 08:36:26.254739
300101066, 2016-11-23 08:36:26.254741
300101066, 2016-11-23 08:36:26.254743
300101066, 2016-11-23 08:36:26.254746
300101066, 2016-11-23 08:36:26.254748
300101066, 2016-11-23 08:36:26.254750
300101066, 2016-11-23 08:36:26.254752
300101066, 2016-11-23 08:36:26.254754
300101066, 2016-11-23 08:36:26.254756
300101066, 2016-11-23 08:36:26.254758
300101066, 2016-11-23 08:36:26.254760
300101066, 2016-11-23 08:36:26.254763
300101066, 2016-11-23 08:36:26.254765
300101066, 2016-11-23 08:36:26.254767
300101066, 2016-11-23 08:36:26.254769
300101066, 2016-11-23 08:36:26.254771
300101066, 2016-11-23 08:36:26.254773
300101066, 2016-11-23 08:36:26.254775
300101066, 2016-11-23 08:36:26.254778
300101066, 2016-11-23 08:36:26.254780
300101066, 2016-11-23 08:36:26.254782
300101066, 2016-11-23 08:36:26.254784
300101066, 2016-11-23 08:36:26.254791
300101066, 2016-11-23 08:36:26.254794
300101066, 2016-11-23 08:36:26.254796
300101066, 2016-11-23 08:36:26.254798
300101066, 2016-11-23 08:36:26.254800
300101066, 2016-11-23 08:36:26.254802
300101066, 2016-11-23 08:36:26.254805
300101066, 2016-11-23 08:36:26.254807
300101066, 2016-11-23 08:36:26.254809
300101066, 2016-11-23 08:36:26.254811
300101066, 2016-11-23 08:36:26.254813
300101066, 2016-11-23 08:36:26.254815
300101066, 2016-11-23 08:36:26.254817
300101066, 2016-11-23 08:36:26.254820
300101066, 2016-11-23 08:36:26.254822
300101066, 2016-11-23 08:36:26.254824
300101066, 2016-11-23 08:36:26.254826
300101066, 2016-11-23 08:36:26.254828
300101066, 2016-11-23 08:36:26.254830
300101066, 2016-11-23 08:36:26.254832
300101066, 2016-11-23 08:36:26.254835
300101066, 2016-11-23 08:36:26.254837
300101066, 2016-11-23 08:36:26.254839
300101066, 2016-11-23 08:36:26.254841
300101066, 2016-11-23 08:36:26.254843
300101066, 2016-11-23 08:36:26.254845
300101066, 2016-11-23 08:36:26.254847
300101066, 2016-11-23 08:36:26.254849
300101066, 2016-11-23 08:36:26.254852
300101066, 2016-11-23 08:36:26.254854
300101066, 2016-11-23 08:36:26.254856
300101066, 2016-11-23 08:36:26.254858
300101066, 2016-11-23 08:36:26.254860
300101066, 2016-11-23 08:36:26.254862
300101066, 2016-11-23 08:36:26.254864
300101066, 2016-11-23 08:36:26.254866
300101066, 2016-11-23 08:36:26.254869
300101066, 2016-11-23 08:36:26.254871
300101066, 2016-11-23 08:36:26.254873
300101066, 2016-11-23 08:36:26.254875
300101066, 2016-11-23 08:36:26.254877
300101066, 2016-11-23 08:36:26.254879
300101066, 2016-11-23 08:36:26.254881
300101066, 2016-11-23 08:36:26.254884
300101066, 2016-11-23 08:36:26.254886
300101066, 2016-11-23 08:36:26.254888
300101066, 2016-11-23 08:36:26.254890
300101066, 2016-11-23 08:36:26.254892
300101066, 2016-11-23 08:36:26.254894
300101066, 2016-11-23 08:36:26.254896
300101066, 2016-11-23 08:36:26.254898
300101066, 2016-11-23 08:36:26.254901
300101066, 2016-11-23 08:36:26.254903
300101066, 2016-11-23 08:36:26.254905
300101066, 2016-11-23 08:36:26.254907
300101066, 2016-11-23 08:36:26.254909
300101066, 2016-11-23 08:36:26.254911
300101066, 2016-11-23 08:36:26.254913
300101066, 2016-11-23 08:36:26.254916
300101066, 2016-11-23 08:36:26.254918
300101066, 2016-11-23 08:36:26.254920
300101066, 2016-11-23 08:36:26.254922
300101066, 2016-11-23 08:36:26.254924
300101066, 2016-11-23 08:36:26.254926
300101066, 2016-11-23 08:36:26.254928
300101066, 2016-11-23 08:36:26.254930
300101066, 2016-11-23 08:36:26.254933
300101066, 2016-11-23 08:36:26.254935
300101066, 2016-11-23 08:36:26.254937
300101066, 2016-11-23 08:36:26.254939
300101066, 2016-11-23 08:36:26.254941
300101066, 2016-11-23 08:36:26.254943
300101066, 2016-11-23 08:36:26.254945
300101066, 2016-11-23 08:36:26.254947
300101066, 2016-11-23 08:36:26.254950
300101066, 2016-11-23 08:36:26.254952
300101066, 2016-11-23 08:36:26.254954
300101066, 2016-11-23 08:36:26.254956
300101066, 2016-11-23 08:36:26.254958
300101066, 2016-11-23 08:36:26.254960
300101066, 2016-11-23 08:36:26.254962
300101066, 2016-11-23 08:36:26.254964
300101066, 2016-11-23 08:36:26.254967
300101066, 2016-11-23 08:36:26.254969
300101066, 2016-11-23 08:36:26.254971
300101066, 2016-11-23 08:36:26.254973
300101066, 2016-11-23 08:36:26.254975
300101066, 2016-11-23 08:36:26.254977
300101066, 2016-11-23 08:36:26.254979
300101066, 2016-11-23 08:36:26.254982
300101066, 2016-11-23 08:36:26.254984
300101066, 2016-11-23 08:36:26.254986
300101066, 2016-11-23 08:36:26.254988
300101066, 2016-11-23 08:36:26.254990
300101066, 2016-11-23 08:36:26.254992
300101066, 2016-11-23 08:36:26.254994
300101066, 2016-11-23 08:36:26.254996
300101066, 2016-11-23 08:36:26.254999
300101066, 2016-11-23 08:36:26.255001
300101066, 2016-11-23 08:36:26.255003
300101066, 2016-11-23 08:36:26.255005
300101066, 2016-11-23 08:36:26.255007
300101066, 2016-11-23 08:36:26.255009
300101066, 2016-11-23 08:36:26.255011
300101066, 2016-11-23 08:36:26.255013
300101066, 2016-11-23 08:36:26.255016
300101066, 2016-11-23 08:36:26.255018
300101066, 2016-11-23 08:36:26.255020
300101066, 2016-11-23 08:36:26.255027
300101066, 2016-11-23 08:36:26.255030
300101066, 2016-11-23 08:36:26.255032
300101066, 2016-11-23 08:36:26.255034
300101066, 2016-11-23 08:36:26.255036
300101066, 2016-11-23 08:36:26.255038
300101066, 2016-11-23 08:36:26.255040
300101066, 2016-11-23 08:36:26.255043
300101066, 2016-11-23 08:36:26.255045
300101066, 2016-11-23 08:36:26.255047
300101066, 2016-11-23 08:36:26.255049
300101066, 2016-11-23 08:36:26.255051
300101066, 2016-11-23 08:36:26.255053
300101066, 2016-11-23 08:36:26.255055
300101066, 2016-11-23 08:36:26.255058
300101066, 2016-11-23 08:36:26.255060
300101066, 2016-11-23 08:36:26.255062
300101066, 2016-11-23 08:36:26.255064
300101066, 2016-11-23 08:36:26.255066
300101066, 2016-11-23 08:36:26.255068
300101066, 2016-11-23 08:36:26.255070
300101066, 2016-11-23 08:36:26.255072
300101066, 2016-11-23 08:36:26.255075
300101066, 2016-11-23 08:36:26.255077
300101066, 2016-11-23 08:36:26.255079
300101066, 2016-11-23 08:36:26.255081
300101066, 2016-11-23 08:36:26.255083
300101066, 2016-11-23 08:36:26.255085
300101066, 2016-11-23 08:36:26.255087
300101066, 2016-11-23 08:36:26.255090
300101066, 2016-11-23 08:36:26.255092
300101066, 2016-11-23 08:36:26.255094
300101066, 2016-11-23 08:36:26.255096
300101066, 2016-11-23 08:36:26.255098
300101066, 2016-11-23 08:36:26.255100
300101066, 2016-11-23 08:36:26.255102
300101066, 2016-11-23 08:36:26.255104
300101066, 2016-11-23 08:36:26.255107
300101066, 2016-11-23 08:36:26.255109
300101066, 2016-11-23 08:36:26.255111
300101066, 2016-11-23 08:36:26.255113
300101066, 2016-11-23 08:36:26.255115
300101066, 2016-11-23 08:36:26.255117
300101066, 2016-11-23 08:36:26.255119
300101066, 2016-11-23 08:36:26.255122
300101066, 2016-11-23 08:36:26.255124
300101066, 2016-11-23 08:36:26.255126
300101066, 2016-11-23 08:36:26.255128
300101066, 2016-11-23 08:36:26.255130
300101066, 2016-11-23 08:36:26.255132
300101066, 2016-11-23 08:36:26.255134
300101066, 2016-11-23 08:36:26.255136
300101066, 2016-11-23 08:36:26.255139
300101066, 2016-11-23 08:36:26.255141
300101066, 2016-11-23 08:36:26.255143
300101066, 2016-11-23 08:36:26.255145
300101066, 2016-11-23 08:36:26.255147
300101066, 2016-11-23 08:36:26.255149
300101066, 2016-11-23 08:36:26.255151
300101066, 2016-11-23 08:36:26.255154
300101066, 2016-11-23 08:36:26.255156
300101066, 2016-11-23 08:36:26.255158
300101066, 2016-11-23 08:36:26.255160
300101066, 2016-11-23 08:36:26.255162
300101066, 2016-11-23 08:36:26.255164
300101066, 2016-11-23 08:36:26.255166
300101066, 2016-11-23 08:36:26.255168
300101066, 2016-11-23 08:36:26.255171
300101066, 2016-11-23 08:36:26.255173
300101066, 2016-11-23 08:36:26.255175
300101066, 2016-11-23 08:36:26.255177
300101066, 2016-11-23 08:36:26.255179
300101066, 2016-11-23 08:36:26.255181
300101066, 2016-11-23 08:36:26.255183
300101066, 2016-11-23 08:36:26.255186
300101066, 2016-11-23 08:36:26.255188
300101066, 2016-11-23 08:36:26.255190
300101066, 2016-11-23 08:36:26.255192
300101066, 2016-11-23 08:36:26.255194
300101066, 2016-11-23 08:36:26.255196
300101066, 2016-11-23 08:36:26.255198
300101066, 2016-11-23 08:36:26.255200
300101066, 2016-11-23 08:36:26.255203
300101066, 2016-11-23 08:36:26.255205
300101066, 2016-11-23 08:36:26.255207
300101066, 2016-11-23 08:36:26.255209
300101066, 2016-11-23 08:36:26.255211
300101066, 2016-11-23 08:36:26.255213
300101066, 2016-11-23 08:36:26.255215
300101066, 2016-11-23 08:36:26.255218
300101066, 2016-11-23 08:36:26.255220
300101066, 2016-11-23 08:36:26.255222
300101066, 2016-11-23 08:36:26.255224
300101066, 2016-11-23 08:36:26.255226
300101066, 2016-11-23 08:36:26.255228
300101066, 2016-11-23 08:36:26.255230
300101066, 2016-11-23 08:36:26.255232
300101066, 2016-11-23 08:36:26.255235
300101066, 2016-11-23 08:36:26.255237
300101066, 2016-11-23 08:36:26.255239
300101066, 2016-11-23 08:36:26.255241
300101066, 2016-11-23 08:36:26.255243
300101066, 2016-11-23 08:36:26.255245
300101066, 2016-11-23 08:36:26.255247
300101066, 2016-11-23 08:36:26.255249
300101066, 2016-11-23 08:36:26.255252
300101066, 2016-11-23 08:36:26.255254
300101066, 2016-11-23 08:36:26.255256
300101066, 2016-11-23 08:36:26.255263
300101066, 2016-11-23 08:36:26.255266
300101066, 2016-11-23 08:36:26.255268
300101066, 2016-11-23 08:36:26.255270
300101066, 2016-11-23 08:36:26.255272
300101066, 2016-11-23 08:36:26.255274
300101066, 2016-11-23 08:36:26.255277
300101066, 2016-11-23 08:36:26.255279
300101066, 2016-11-23 08:36:26.255281
300101066, 2016-11-23 08:36:26.255283
300101066, 2016-11-23 08:36:26.255285
300101066, 2016-11-23 08:36:26.255287
300101066, 2016-11-23 08:36:26.255289
300101066, 2016-11-23 08:36:26.255292
300101066, 2016-11-23 08:36:26.255294
300101066, 2016-11-23 08:36:26.255296
300101066, 2016-11-23 08:36:26.255298
300101066, 2016-11-23 08:36:26.255300
300101066, 2016-11-23 08:36:26.255302
300101066, 2016-11-23 08:36:26.255304
300101066, 2016-11-23 08:36:26.255306
300101066, 2016-11-23 08:36:26.255309
300101066, 2016-11-23 08:36:26.255311
300101066, 2016-11-23 08:36:26.255313
300101066, 2016-11-23 08:36:26.255315
300101066, 2016-11-23 08:36:26.255317
300101066, 2016-11-23 08:36:26.255319
300101066, 2016-11-23 08:36:26.255321
300101066, 2016-11-23 08:36:26.255324
300101066, 2016-11-23 08:36:26.255326
300101066, 2016-11-23 08:36:26.255328
300101066, 2016-11-23 08:36:26.255330
300101066, 2016-11-23 08:36:26.255332
300101066, 2016-11-23 08:36:26.255334
300101066, 2016-11-23 08:36:26.255336
300101066, 2016-11-23 08:36:26.255339
300101066, 2016-11-23 08:36:26.255341
300101066, 2016-11-23 08:36:26.255343
300101066, 2016-11-23 08:36:26.255345
300101066, 2016-11-23 08:36:26.255347
300101066, 2016-11-23 08:36:26.255349
300101066, 2016-11-23 08:36:26.255351
300101066, 2016-11-23 08:36:26.255354
300101066, 2016-11-23 08:36:26.255356
300101066, 2016-11-23 08:36:26.255358
300101066, 2016-11-23 08:36:26.255360
300101066, 2016-11-23 08:36:26.255362
300101066, 2016-11-23 08:36:26.255364
300101066, 2016-11-23 08:36:26.255366
300101066, 2016-11-23 08:36:26.255369
300101066, 2016-11-23 08:36:26.255371
300101066, 2016-11-23 08:36:26.255373
300101066, 2016-11-23 08:36:26.255375
300101066, 2016-11-23 08:36:26.255377
300101066, 2016-11-23 08:36:26.255379
300101066, 2016-11-23 08:36:26.255381
300101066, 2016-11-23 08:36:26.255384
300101066, 2016-11-23 08:36:26.255386
300101066, 2016-11-23 08:36:26.255388
300101066, 2016-11-23 08:36:26.255390
300101066, 2016-11-23 08:36:26.255392
300101066, 2016-11-23 08:36:26.255394
300101066, 2016-11-23 08:36:26.255396
300101066, 2016-11-23 08:36:26.255399
300101066, 2016-11-23 08:36:26.255401
300101066, 2016-11-23 08:36:26.255403
300101066, 2016-11-23 08:36:26.255405
300101066, 2016-11-23 08:36:26.255407
300101066, 2016-11-23 08:36:26.255409
300101066, 2016-11-23 08:36:26.255411
300101066, 2016-11-23 08:36:26.255413
300101066, 2016-11-23 08:36:26.255416
300101066, 2016-11-23 08:36:26.255418
300101066, 2016-11-23 08:36:26.255420
300101066, 2016-11-23 08:36:26.255422
300101066, 2016-11-23 08:36:26.255424
300101066, 2016-11-23 08:36:26.255426
300101066, 2016-11-23 08:36:26.255429
300101066, 2016-11-23 08:36:26.255431
300101066, 2016-11-23 08:36:26.255433
300101066, 2016-11-23 08:36:26.255435
300101066, 2016-11-23 08:36:26.255437
300101066, 2016-11-23 08:36:26.255439
300101066, 2016-11-23 08:36:26.255441
300101066, 2016-11-23 08:36:26.255443
300101066, 2016-11-23 08:36:26.255446
300101066, 2016-11-23 08:36:26.255448
300101066, 2016-11-23 08:36:26.255450
300101066, 2016-11-23 08:36:26.255452
300101066, 2016-11-23 08:36:26.255454
300101066, 2016-11-23 08:36:26.255456
300101066, 2016-11-23 08:36:26.255458
300101066, 2016-11-23 08:36:26.255461
300101066, 2016-11-23 08:36:26.255463
300101066, 2016-11-23 08:36:26.255465
300101066, 2016-11-23 08:36:26.255467
300101066, 2016-11-23 08:36:26.255469
300101066, 2016-11-23 08:36:26.255471
300101066, 2016-11-23 08:36:26.255473
300101066, 2016-11-23 08:36:26.255476
300101066, 2016-11-23 08:36:26.255478
300101066, 2016-11-23 08:36:26.255480
300101066, 2016-11-23 08:36:26.255482
300101066, 2016-11-23 08:36:26.255484
300101066, 2016-11-23 08:36:26.255486
300101066, 2016-11-23 08:36:26.255488
300101066, 2016-11-23 08:36:26.255490
300101066, 2016-11-23 08:36:26.255493
300101066, 2016-11-23 08:36:26.255500
300101066, 2016-11-23 08:36:26.255502
300101066, 2016-11-23 08:36:26.255505
300101066, 2016-11-23 08:36:26.255507
300101066, 2016-11-23 08:36:26.255509
300101066, 2016-11-23 08:36:26.255511
300101066, 2016-11-23 08:36:26.255513
300101066, 2016-11-23 08:36:26.255515
300101066, 2016-11-23 08:36:26.255517
300101066, 2016-11-23 08:36:26.255520
300101066, 2016-11-23 08:36:26.255522
300101066, 2016-11-23 08:36:26.255524
300101066, 2016-11-23 08:36:26.255526
300101066, 2016-11-23 08:36:26.255528
300101066, 2016-11-23 08:36:26.255530
300101066, 2016-11-23 08:36:26.255532
300101066, 2016-11-23 08:36:26.255535
300101066, 2016-11-23 08:36:26.255537
300101066, 2016-11-23 08:36:26.255539
300101066, 2016-11-23 08:36:26.255541
300101066, 2016-11-23 08:36:26.255543
300101066, 2016-11-23 08:36:26.255545
300101066, 2016-11-23 08:36:26.255547
300101066, 2016-11-23 08:36:26.255550
300101066, 2016-11-23 08:36:26.255552
300101066, 2016-11-23 08:36:26.255554
300101066, 2016-11-23 08:36:26.255556
300101066, 2016-11-23 08:36:26.255558
300101066, 2016-11-23 08:36:26.255560
300101066, 2016-11-23 08:36:26.255562
300101066, 2016-11-23 08:36:26.255565
300101066, 2016-11-23 08:36:26.255567
300101066, 2016-11-23 08:36:26.255569
300101066, 2016-11-23 08:36:26.255571
300101066, 2016-11-23 08:36:26.255573
300101066, 2016-11-23 08:36:26.255575
300101066, 2016-11-23 08:36:26.255577
300101066, 2016-11-23 08:36:26.255580
300101066, 2016-11-23 08:36:26.255582
300101066, 2016-11-23 08:36:26.255584
300101066, 2016-11-23 08:36:26.255586
300101066, 2016-11-23 08:36:26.255588
300101066, 2016-11-23 08:36:26.255590
300101066, 2016-11-23 08:36:26.255592
300101066, 2016-11-23 08:36:26.255595
300101066, 2016-11-23 08:36:26.255597
300101066, 2016-11-23 08:36:26.255599
300101066, 2016-11-23 08:36:26.255601
300101066, 2016-11-23 08:36:26.255603
300101066, 2016-11-23 08:36:26.255605
300101066, 2016-11-23 08:36:26.255607
300101066, 2016-11-23 08:36:26.255610
300101066, 2016-11-23 08:36:26.255612
300101066, 2016-11-23 08:36:26.255614
300101066, 2016-11-23 08:36:26.255616
300101066, 2016-11-23 08:36:26.255618
300101066, 2016-11-23 08:36:26.255620
300101066, 2016-11-23 08:36:26.255622
300101066, 2016-11-23 08:36:26.255625
300101066, 2016-11-23 08:36:26.255627
300101066, 2016-11-23 08:36:26.255629
300101066, 2016-11-23 08:36:26.255631
300101066, 2016-11-23 08:36:26.255633
300101066, 2016-11-23 08:36:26.255635
300101066, 2016-11-23 08:36:26.255637
300101066, 2016-11-23 08:36:26.255640
300101066, 2016-11-23 08:36:26.255642
300101066, 2016-11-23 08:36:26.255644
300101066, 2016-11-23 08:36:26.255646
300101066, 2016-11-23 08:36:26.255648
300101066, 2016-11-23 08:36:26.255650
300101066, 2016-11-23 08:36:26.255652
300101066, 2016-11-23 08:36:26.255655
300101066, 2016-11-23 08:36:26.255657
300101066, 2016-11-23 08:36:26.255659
300101066, 2016-11-23 08:36:26.255661
300101066, 2016-11-23 08:36:26.255663
300101066, 2016-11-23 08:36:26.255665
300101066, 2016-11-23 08:36:26.255667
300101066, 2016-11-23 08:36:26.255670
300101066, 2016-11-23 08:36:26.255672
300101066, 2016-11-23 08:36:26.255674
300101066, 2016-11-23 08:36:26.255676
300101066, 2016-11-23 08:36:26.255678
300101066, 2016-11-23 08:36:26.255680
300101066, 2016-11-23 08:36:26.255682
300101066, 2016-11-23 08:36:26.255684
300101066, 2016-11-23 08:36:26.255687
300101066, 2016-11-23 08:36:26.255689
300101066, 2016-11-23 08:36:26.255691
300101066, 2016-11-23 08:36:26.255693
300101066, 2016-11-23 08:36:26.255695
300101066, 2016-11-23 08:36:26.255697
300101066, 2016-11-23 08:36:26.255699
300101066, 2016-11-23 08:36:26.255702
300101066, 2016-11-23 08:36:26.255704
300101066, 2016-11-23 08:36:26.255706
300101066, 2016-11-23 08:36:26.255708
300101066, 2016-11-23 08:36:26.255710
300101066, 2016-11-23 08:36:26.255712
300101066, 2016-11-23 08:36:26.255714
300101066, 2016-11-23 08:36:26.255717
300101066, 2016-11-23 08:36:26.255719
300101066, 2016-11-23 08:36:26.255721
300101066, 2016-11-23 08:36:26.255723
300101066, 2016-11-23 08:36:26.255725
300101066, 2016-11-23 08:36:26.255727
300101066, 2016-11-23 08:36:26.255734
300101066, 2016-11-23 08:36:26.255737
300101066, 2016-11-23 08:36:26.255739
300101066, 2016-11-23 08:36:26.255741
300101066, 2016-11-23 08:36:26.255743
300101066, 2016-11-23 08:36:26.255746
300101066, 2016-11-23 08:36:26.255748
300101066, 2016-11-23 08:36:26.255750
300101066, 2016-11-23 08:36:26.255752
300101066, 2016-11-23 08:36:26.255754
300101066, 2016-11-23 08:36:26.255756
300101066, 2016-11-23 08:36:26.255758
300101066, 2016-11-23 08:36:26.255761
300101066, 2016-11-23 08:36:26.255763
300101066, 2016-11-23 08:36:26.255765
300101066, 2016-11-23 08:36:26.255767
300101066, 2016-11-23 08:36:26.255769
300101066, 2016-11-23 08:36:26.255771
300101066, 2016-11-23 08:36:26.255773
300101066, 2016-11-23 08:36:26.255775
300101066, 2016-11-23 08:36:26.255778
300101066, 2016-11-23 08:36:26.255780
300101066, 2016-11-23 08:36:26.255782
300101066, 2016-11-23 08:36:26.255784
300101066, 2016-11-23 08:36:26.255786
300101066, 2016-11-23 08:36:26.255788
300101066, 2016-11-23 08:36:26.255790
300101066, 2016-11-23 08:36:26.255792
300101066, 2016-11-23 08:36:26.255795
300101066, 2016-11-23 08:36:26.255797
300101066, 2016-11-23 08:36:26.255799
300101066, 2016-11-23 08:36:26.255801
300101066, 2016-11-23 08:36:26.255803
300101066, 2016-11-23 08:36:26.255805
300101066, 2016-11-23 08:36:26.255807
300101066, 2016-11-23 08:36:26.255809
300101066, 2016-11-23 08:36:26.255812
300101066, 2016-11-23 08:36:26.255814
300101066, 2016-11-23 08:36:26.255816
300101066, 2016-11-23 08:36:26.255818
300101066, 2016-11-23 08:36:26.255820
300101066, 2016-11-23 08:36:26.255822
300101066, 2016-11-23 08:36:26.255824
300101066, 2016-11-23 08:36:26.255827
300101066, 2016-11-23 08:36:26.255829
300101066, 2016-11-23 08:36:26.255831
300101066, 2016-11-23 08:36:26.255833
300101066, 2016-11-23 08:36:26.255835
300101066, 2016-11-23 08:36:26.255837
300101066, 2016-11-23 08:36:26.255839
300101066, 2016-11-23 08:36:26.255841
300101066, 2016-11-23 08:36:26.255844
300101066, 2016-11-23 08:36:26.255846
300101066, 2016-11-23 08:36:26.255848
300101066, 2016-11-23 08:36:26.255850
300101066, 2016-11-23 08:36:26.255852
300101066, 2016-11-23 08:36:26.255854
300101066, 2016-11-23 08:36:26.255856
300101066, 2016-11-23 08:36:26.255859
300101066, 2016-11-23 08:36:26.255861
300101066, 2016-11-23 08:36:26.255863
300101066, 2016-11-23 08:36:26.255865
300101066, 2016-11-23 08:36:26.255867
300101066, 2016-11-23 08:36:26.255869
300101066, 2016-11-23 08:36:26.255871
300101066, 2016-11-23 08:36:26.255874
300101066, 2016-11-23 08:36:26.255876
300101066, 2016-11-23 08:36:26.255878
300101066, 2016-11-23 08:36:26.255880
300101066, 2016-11-23 08:36:26.255882
300101066, 2016-11-23 08:36:26.255884
300101066, 2016-11-23 08:36:26.255886
300101066, 2016-11-23 08:36:26.255888
300101066, 2016-11-23 08:36:26.255891
300101066, 2016-11-23 08:36:26.255893
300101066, 2016-11-23 08:36:26.255895
300101066, 2016-11-23 08:36:26.255897
300101066, 2016-11-23 08:36:26.255899
300101066, 2016-11-23 08:36:26.255901
300101066, 2016-11-23 08:36:26.255903
300101066, 2016-11-23 08:36:26.255905
300101066, 2016-11-23 08:36:26.255908
300101066, 2016-11-23 08:36:26.255910
300101066, 2016-11-23 08:36:26.255912
300101066, 2016-11-23 08:36:26.255914
300101066, 2016-11-23 08:36:26.255916
300101066, 2016-11-23 08:36:26.255918
300101066, 2016-11-23 08:36:26.255920
300101066, 2016-11-23 08:36:26.255922
300101066, 2016-11-23 08:36:26.255925
300101066, 2016-11-23 08:36:26.255927
300101066, 2016-11-23 08:36:26.255929
300101066, 2016-11-23 08:36:26.255931
300101066, 2016-11-23 08:36:26.255933
300101066, 2016-11-23 08:36:26.255935
300101066, 2016-11-23 08:36:26.255937
300101066, 2016-11-23 08:36:26.255940
300101066, 2016-11-23 08:36:26.255942
300101066, 2016-11-23 08:36:26.255944
300101066, 2016-11-23 08:36:26.255946
300101066, 2016-11-23 08:36:26.255948
300101066, 2016-11-23 08:36:26.255950
300101066, 2016-11-23 08:36:26.255952
300101066, 2016-11-23 08:36:26.255954
300101066, 2016-11-23 08:36:26.255957
300101066, 2016-11-23 08:36:26.255959
300101066, 2016-11-23 08:36:26.255961
300101066, 2016-11-23 08:36:26.255963
300101066, 2016-11-23 08:36:26.255970
300101066, 2016-11-23 08:36:26.255973
300101066, 2016-11-23 08:36:26.255975
300101066, 2016-11-23 08:36:26.255977
300101066, 2016-11-23 08:36:26.255979
300101066, 2016-11-23 08:36:26.255981
300101066, 2016-11-23 08:36:26.255983
300101066, 2016-11-23 08:36:26.255986
300101066, 2016-11-23 08:36:26.255988
300101066, 2016-11-23 08:36:26.255990
300101066, 2016-11-23 08:36:26.255992
300101066, 2016-11-23 08:36:26.255994
300101066, 2016-11-23 08:36:26.255996
300101066, 2016-11-23 08:36:26.255998
300101066, 2016-11-23 08:36:26.256001
300101066, 2016-11-23 08:36:26.256003
300101066, 2016-11-23 08:36:26.256005
300101066, 2016-11-23 08:36:26.256007
300101066, 2016-11-23 08:36:26.256009
300101066, 2016-11-23 08:36:26.256011
300101066, 2016-11-23 08:36:26.256013
300101066, 2016-11-23 08:36:26.256015
300101066, 2016-11-23 08:36:26.256018
300101066, 2016-11-23 08:36:26.256020
300101066, 2016-11-23 08:36:26.256022
300101066, 2016-11-23 08:36:26.256024
300101066, 2016-11-23 08:36:26.256026
300101066, 2016-11-23 08:36:26.256028
300101066, 2016-11-23 08:36:26.256030
300101066, 2016-11-23 08:36:26.256033
300101066, 2016-11-23 08:36:26.256035
300101066, 2016-11-23 08:36:26.256037
300101066, 2016-11-23 08:36:26.256039
300101066, 2016-11-23 08:36:26.256041
300101066, 2016-11-23 08:36:26.256043
300101066, 2016-11-23 08:36:26.256045
300101066, 2016-11-23 08:36:26.256048
300101066, 2016-11-23 08:36:26.256050
300101066, 2016-11-23 08:36:26.256052
300101066, 2016-11-23 08:36:26.256054
300101066, 2016-11-23 08:36:26.256056
300101066, 2016-11-23 08:36:26.256058
300101066, 2016-11-23 08:36:26.256060
300101066, 2016-11-23 08:36:26.256062
300101066, 2016-11-23 08:36:26.256065
300101066, 2016-11-23 08:36:26.256067
300101066, 2016-11-23 08:36:26.256069
300101066, 2016-11-23 08:36:26.256071
300101066, 2016-11-23 08:36:26.256073
300101066, 2016-11-23 08:36:26.256075
300101066, 2016-11-23 08:36:26.256077
300101066, 2016-11-23 08:36:26.256080
300101066, 2016-11-23 08:36:26.256082
300101066, 2016-11-23 08:36:26.256084
300101066, 2016-11-23 08:36:26.256086
300101066, 2016-11-23 08:36:26.256088
300101066, 2016-11-23 08:36:26.256090
300101066, 2016-11-23 08:36:26.256092
300101066, 2016-11-23 08:36:26.256095
300101066, 2016-11-23 08:36:26.256097
300101066, 2016-11-23 08:36:26.256099
300101066, 2016-11-23 08:36:26.256101
300101066, 2016-11-23 08:36:26.256103
300101066, 2016-11-23 08:36:26.256105
300101066, 2016-11-23 08:36:26.256107
300101066, 2016-11-23 08:36:26.256110
300101066, 2016-11-23 08:36:26.256112
300101066, 2016-11-23 08:36:26.256114
300101066, 2016-11-23 08:36:26.256116
300101066, 2016-11-23 08:36:26.256118
300101066, 2016-11-23 08:36:26.256120
300101066, 2016-11-23 08:36:26.256122
300101066, 2016-11-23 08:36:26.256124
300101066, 2016-11-23 08:36:26.256127
300101066, 2016-11-23 08:36:26.256129
300101066, 2016-11-23 08:36:26.256131
300101066, 2016-11-23 08:36:26.256133
300101066, 2016-11-23 08:36:26.256135
300101066, 2016-11-23 08:36:26.256137
300101066, 2016-11-23 08:36:26.256139
300101066, 2016-11-23 08:36:26.256142
300101066, 2016-11-23 08:36:26.256144
300101066, 2016-11-23 08:36:26.256146
300101066, 2016-11-23 08:36:26.256148
300101066, 2016-11-23 08:36:26.256150
300101066, 2016-11-23 08:36:26.256152
300101066, 2016-11-23 08:36:26.256154
300101066, 2016-11-23 08:36:26.256156
300101066, 2016-11-23 08:36:26.256159
300101066, 2016-11-23 08:36:26.256161
300101066, 2016-11-23 08:36:26.256163
300101066, 2016-11-23 08:36:26.256165
300101066, 2016-11-23 08:36:26.256167
300101066, 2016-11-23 08:36:26.256169
300101066, 2016-11-23 08:36:26.256171
300101066, 2016-11-23 08:36:26.256174
300101066, 2016-11-23 08:36:26.256176
300101066, 2016-11-23 08:36:26.256178
300101066, 2016-11-23 08:36:26.256180
300101066, 2016-11-23 08:36:26.256182
300101066, 2016-11-23 08:36:26.256184
300101066, 2016-11-23 08:36:26.256186
300101066, 2016-11-23 08:36:26.256189
300101066, 2016-11-23 08:36:26.256191
300101066, 2016-11-23 08:36:26.256193
300101066, 2016-11-23 08:36:26.256195
300101066, 2016-11-23 08:36:26.256197
300101066, 2016-11-23 08:36:26.256199
300101066, 2016-11-23 08:36:26.256206
300101066, 2016-11-23 08:36:26.256209
300101066, 2016-11-23 08:36:26.256211
300101066, 2016-11-23 08:36:26.256213
300101066, 2016-11-23 08:36:26.256215
300101066, 2016-11-23 08:36:26.256218
300101066, 2016-11-23 08:36:26.256220
300101066, 2016-11-23 08:36:26.256222
300101066, 2016-11-23 08:36:26.256224
300101066, 2016-11-23 08:36:26.256226
300101066, 2016-11-23 08:36:26.256228
300101066, 2016-11-23 08:36:26.256230
300101066, 2016-11-23 08:36:26.256232
300101066, 2016-11-23 08:36:26.256235
300101066, 2016-11-23 08:36:26.256237
300101066, 2016-11-23 08:36:26.256239
300101066, 2016-11-23 08:36:26.256241
300101066, 2016-11-23 08:36:26.256243
300101066, 2016-11-23 08:36:26.256245
300101066, 2016-11-23 08:36:26.256247
300101066, 2016-11-23 08:36:26.256249
300101066, 2016-11-23 08:36:26.256252
300101066, 2016-11-23 08:36:26.256254
300101066, 2016-11-23 08:36:26.256256
300101066, 2016-11-23 08:36:26.256258
300101066, 2016-11-23 08:36:26.256260
300101066, 2016-11-23 08:36:26.256262
300101066, 2016-11-23 08:36:26.256264
300101066, 2016-11-23 08:36:26.256267
300101066, 2016-11-23 08:36:26.256269
300101066, 2016-11-23 08:36:26.256271
300101066, 2016-11-23 08:36:26.256273
300101066, 2016-11-23 08:36:26.256275
300101066, 2016-11-23 08:36:26.256277
300101066, 2016-11-23 08:36:26.256279
300101066, 2016-11-23 08:36:26.256282
300101066, 2016-11-23 08:36:26.256284
300101066, 2016-11-23 08:36:26.256286
300101066, 2016-11-23 08:36:26.256288
300101066, 2016-11-23 08:36:26.256290
300101066, 2016-11-23 08:36:26.256292
300101066, 2016-11-23 08:36:26.256294
300101066, 2016-11-23 08:36:26.256297
300101066, 2016-11-23 08:36:26.256299
300101066, 2016-11-23 08:36:26.256301
300101066, 2016-11-23 08:36:26.256303
300101066, 2016-11-23 08:36:26.256305
300101066, 2016-11-23 08:36:26.256307
300101066, 2016-11-23 08:36:26.256309
300101066, 2016-11-23 08:36:26.256311
300101066, 2016-11-23 08:36:26.256314
300101066, 2016-11-23 08:36:26.256316
300101066, 2016-11-23 08:36:26.256318
300101066, 2016-11-23 08:36:26.256320
300101066, 2016-11-23 08:36:26.256322
300101066, 2016-11-23 08:36:26.256324
300101066, 2016-11-23 08:36:26.256326
300101066, 2016-11-23 08:36:26.256329
300101066, 2016-11-23 08:36:26.256331
300101066, 2016-11-23 08:36:26.256333
300101066, 2016-11-23 08:36:26.256335
300101066, 2016-11-23 08:36:26.256337
300101066, 2016-11-23 08:36:26.256339
300101066, 2016-11-23 08:36:26.256341
300101066, 2016-11-23 08:36:26.256343
300101066, 2016-11-23 08:36:26.256346
300101066, 2016-11-23 08:36:26.256348
300101066, 2016-11-23 08:36:26.256350
300101066, 2016-11-23 08:36:26.256352
300101066, 2016-11-23 08:36:26.256354
300101066, 2016-11-23 08:36:26.256356
300101066, 2016-11-23 08:36:26.256358
300101066, 2016-11-23 08:36:26.256361
300101066, 2016-11-23 08:36:26.256363
300101066, 2016-11-23 08:36:26.256365
300101066, 2016-11-23 08:36:26.256367
300101066, 2016-11-23 08:36:26.256369
300101066, 2016-11-23 08:36:26.256371
300101066, 2016-11-23 08:36:26.256373
300101066, 2016-11-23 08:36:26.256375
300101066, 2016-11-23 08:36:26.256378
300101066, 2016-11-23 08:36:26.256380
300101066, 2016-11-23 08:36:26.256382
300101066, 2016-11-23 08:36:26.256384
300101066, 2016-11-23 08:36:26.256386
300101066, 2016-11-23 08:36:26.256388
300101066, 2016-11-23 08:36:26.256390
300101066, 2016-11-23 08:36:26.256392
300101066, 2016-11-23 08:36:26.256395
300101066, 2016-11-23 08:36:26.256397
300101066, 2016-11-23 08:36:26.256399
300101066, 2016-11-23 08:36:26.256401
300101066, 2016-11-23 08:36:26.256403
300101066, 2016-11-23 08:36:26.256405
300101066, 2016-11-23 08:36:26.256407
300101066, 2016-11-23 08:36:26.256409
300101066, 2016-11-23 08:36:26.256412
300101066, 2016-11-23 08:36:26.256414
300101066, 2016-11-23 08:36:26.256416
300101066, 2016-11-23 08:36:26.256418
300101066, 2016-11-23 08:36:26.256420
300101066, 2016-11-23 08:36:26.256422
300101066, 2016-11-23 08:36:26.256424
300101066, 2016-11-23 08:36:26.256426
300101066, 2016-11-23 08:36:26.256429
300101066, 2016-11-23 08:36:26.256431
300101066, 2016-11-23 08:36:26.256433
300101066, 2016-11-23 08:36:26.256435
300101066, 2016-11-23 08:36:26.256442
300101066, 2016-11-23 08:36:26.256445
300101066, 2016-11-23 08:36:26.256447
300101066, 2016-11-23 08:36:26.256449
300101066, 2016-11-23 08:36:26.256451
300101066, 2016-11-23 08:36:26.256454
300101066, 2016-11-23 08:36:26.256456
300101066, 2016-11-23 08:36:26.256458
300101066, 2016-11-23 08:36:26.256460
300101066, 2016-11-23 08:36:26.256462
300101066, 2016-11-23 08:36:26.256464
300101066, 2016-11-23 08:36:26.256466
300101066, 2016-11-23 08:36:26.256469
300101066, 2016-11-23 08:36:26.256471
300101066, 2016-11-23 08:36:26.256473
300101066, 2016-11-23 08:36:26.256475
300101066, 2016-11-23 08:36:26.256477
300101066, 2016-11-23 08:36:26.256479
300101066, 2016-11-23 08:36:26.256481
300101066, 2016-11-23 08:36:26.256484
