300101930, Barry Smith, 013300101930, barry@aol.com, 2016-11-23 08:36:20.251793
300100005, Mary Lamy, 013300100005, mary@aol.com, 2016-11-23 08:36:20.271083
300100778, Alicia Carey, 013300100778, alicia@aol.com, 2016-11-23 08:36:20.271720
300100103, Robert Vacca, 013300100103, robert@aol.com, 2016-11-23 08:36:20.280905
300100950, James Marquez, 013300100950, james@aol.com, 2016-11-23 08:36:20.281344
300100745, William Davenport, 013300100745, william@aol.com, 2016-11-23 08:36:20.281740
300100046, Bonnie Hand, 013300100046, bonnie@aol.com, 2016-11-23 08:36:20.282849
300100498, Gene Mason, 013300100498, gene@aol.com, 2016-11-23 08:36:20.283126
300100444, Michael Serrano, 013300100444, michael@aol.com, 2016-11-23 08:36:20.283616
300101097, Anna Houston, 013300101097, anna@aol.com, 2016-11-23 08:36:20.283992
300101009, Thomas Duncan, 013300101009, thomas@aol.com, 2016-11-23 08:36:20.284164
300101677, Sergio Browne, 013300101677, sergio@aol.com, 2016-11-23 08:36:20.285930
300100279, Kristie Herandez, 013300100279, kristie@aol.com, 2016-11-23 08:36:20.302115
300101535, Ronald Almanza, 013300101535, ronald@aol.com, 2016-11-23 08:36:20.304716
300101736, Norman Smith, 013300101736, norman@aol.com, 2016-11-23 08:36:20.304841
300100627, Anna Ragland, 013300100627, anna@aol.com, 2016-11-23 08:36:20.306101
300100352, Vickie Crigger, 013300100352, vickie@aol.com, 2016-11-23 08:36:20.313452
300101090, David Crandall, 013300101090, david@aol.com, 2016-11-23 08:36:20.314777
300100795, Rhonda Killian, 013300100795, rhonda@aol.com, 2016-11-23 08:36:20.316427
300100473, Stephanie Shockley, 013300100473, stephanie@aol.com, 2016-11-23 08:36:20.317921
300100005, Michael Ceraos, 013300100005, michael@aol.com, 2016-11-23 08:36:20.374796
300101238, Sandra Muresan, 013300101238, sandra@aol.com, 2016-11-23 08:36:20.411202
300100237, Scott Fleming, 013300100237, scott@aol.com, 2016-11-23 08:36:20.411490
300100122, Robert Huseby, 013300100122, robert@aol.com, 2016-11-23 08:36:20.421669
300100756, Herbert Walker, 013300100756, herbert@aol.com, 2016-11-23 08:36:20.421833
300100118, Ella Bosch, 013300100118, ella@aol.com, 2016-11-23 08:36:20.426378
300101093, Barry Doiron, 013300101093, barry@aol.com, 2016-11-23 08:36:20.433027
300100877, Victor Castle, 013300100877, victor@aol.com, 2016-11-23 08:36:20.434098
300101865, John Wingate, 013300101865, john@aol.com, 2016-11-23 08:36:20.436698
300100628, Keith Yielding, 013300100628, keith@aol.com, 2016-11-23 08:36:20.461486
300101874, Andrew Allen, 013300101874, andrew@aol.com, 2016-11-23 08:36:20.461607
300101538, Joseph Brooks, 013300101538, joseph@aol.com, 2016-11-23 08:36:20.461709
300100486, Marion Rakel, 013300100486, marion@aol.com, 2016-11-23 08:36:20.502216
300100088, Minta Keys, 013300100088, minta@aol.com, 2016-11-23 08:36:20.508539
300101466, Patricia Rosa, 013300101466, patricia@aol.com, 2016-11-23 08:36:20.509304
300100886, Anthony Hill, 013300100886, anthony@aol.com, 2016-11-23 08:36:20.509406
300100093, Joyce Rea, 013300100093, joyce@aol.com, 2016-11-23 08:36:20.511577
300101174, Hubert Fitzpatrick, 013300101174, hubert@aol.com, 2016-11-23 08:36:20.512586
300100134, Benjamin Prewitt, 013300100134, benjamin@aol.com, 2016-11-23 08:36:20.514808
300100023, Lisa Vargas, 013300100023, lisa@aol.com, 2016-11-23 08:36:20.515056
300101488, Harold Wetmore, 013300101488, harold@aol.com, 2016-11-23 08:36:20.519929
300100814, Jack Anderson, 013300100814, jack@aol.com, 2016-11-23 08:36:20.520017
300100643, Geralyn Hallmark, 013300100643, geralyn@aol.com, 2016-11-23 08:36:20.525895
300101553, Patricia Hazen, 013300101553, patricia@aol.com, 2016-11-23 08:36:20.529269
300101222, Dedra Cross, 013300101222, dedra@aol.com, 2016-11-23 08:36:20.530693
300100512, Peter Wilks, 013300100512, peter@aol.com, 2016-11-23 08:36:20.532604
300100189, Christopher Brimer, 013300100189, christopher@aol.com, 2016-11-23 08:36:20.543014
300100920, Mike Troyer, 013300100920, mike@aol.com, 2016-11-23 08:36:20.548652
300101567, James Greenlee, 013300101567, james@aol.com, 2016-11-23 08:36:20.551349
300100635, Carmen Martinez, 013300100635, carmen@aol.com, 2016-11-23 08:36:20.551499
300101935, Robert Williams, 013300101935, robert@aol.com, 2016-11-23 08:36:20.551583
300101733, Bryan Scaife, 013300101733, bryan@aol.com, 2016-11-23 08:36:20.558182
300101989, Luis Gerhart, 013300101989, luis@aol.com, 2016-11-23 08:36:20.564144
300101445, Esther Fox, 013300101445, esther@aol.com, 2016-11-23 08:36:20.564396
300100530, Frank Mitchell, 013300100530, frank@aol.com, 2016-11-23 08:36:20.564485
300101767, Heather Buchauer, 013300101767, heather@aol.com, 2016-11-23 08:36:20.607554
300100328, Van Hall, 013300100328, van@aol.com, 2016-11-23 08:36:20.607989
300100482, Gerald Trotz, 013300100482, gerald@aol.com, 2016-11-23 08:36:20.659496
300101033, Jimmie Nguyen, 013300101033, jimmie@aol.com, 2016-11-23 08:36:20.659910
300100648, Joyce Yarbrough, 013300100648, joyce@aol.com, 2016-11-23 08:36:20.660675
300100384, Cindy Riddle, 013300100384, cindy@aol.com, 2016-11-23 08:36:20.661369
300101803, Jill Houser, 013300101803, jill@aol.com, 2016-11-23 08:36:20.662477
300100130, Jennifer Gage, 013300100130, jennifer@aol.com, 2016-11-23 08:36:20.663863
300101265, Ronald Williams, 013300101265, ronald@aol.com, 2016-11-23 08:36:20.663940
300100032, Kenneth Barron, 013300100032, kenneth@aol.com, 2016-11-23 08:36:20.664468
300101467, Michele Saunders, 013300101467, michele@aol.com, 2016-11-23 08:36:20.664890
300101437, Nicole Ballard, 013300101437, nicole@aol.com, 2016-11-23 08:36:20.665261
300101478, Rodney Pirman, 013300101478, rodney@aol.com, 2016-11-23 08:36:20.700282
300101550, Jason Hill, 013300101550, jason@aol.com, 2016-11-23 08:36:20.700411
300100719, James Denning, 013300100719, james@aol.com, 2016-11-23 08:36:20.702769
300101156, Ashley Leto, 013300101156, ashley@aol.com, 2016-11-23 08:36:20.712125
300101978, Joan Velasquez, 013300101978, joan@aol.com, 2016-11-23 08:36:20.713052
300100559, Scott Sandford, 013300100559, scott@aol.com, 2016-11-23 08:36:20.722323
300101659, Bertram Souza, 013300101659, bertram@aol.com, 2016-11-23 08:36:20.725319
300100960, Stanley Dempsey, 013300100960, stanley@aol.com, 2016-11-23 08:36:20.726332
300100771, David Peters, 013300100771, david@aol.com, 2016-11-23 08:36:20.726514
300101673, Janna Hordge, 013300101673, janna@aol.com, 2016-11-23 08:36:20.753892
300100805, Colleen Robinson, 013300100805, colleen@aol.com, 2016-11-23 08:36:20.754147
300101410, Leo Kramer, 013300101410, leo@aol.com, 2016-11-23 08:36:20.754679
300101758, Jamie Carmack, 013300101758, jamie@aol.com, 2016-11-23 08:36:20.758009
300100186, Lewis Reynolds, 013300100186, lewis@aol.com, 2016-11-23 08:36:20.758249
300100998, Tabitha Yee, 013300100998, tabitha@aol.com, 2016-11-23 08:36:20.760832
300101045, Elvis Lawler, 013300101045, elvis@aol.com, 2016-11-23 08:36:20.762804
300101374, Janice Tallent, 013300101374, janice@aol.com, 2016-11-23 08:36:20.765926
300100881, Gregory Tippett, 013300100881, gregory@aol.com, 2016-11-23 08:36:20.772986
300100129, Vincent Oldfield, 013300100129, vincent@aol.com, 2016-11-23 08:36:20.780609
300101997, Theresa Hager, 013300101997, theresa@aol.com, 2016-11-23 08:36:20.782388
300101742, James Tran, 013300101742, james@aol.com, 2016-11-23 08:36:20.783062
300101404, Helen Francis, 013300101404, helen@aol.com, 2016-11-23 08:36:20.783665
300101028, Audra Tomaszewski, 013300101028, audra@aol.com, 2016-11-23 08:36:20.793563
300100646, Lawrence Hines, 013300100646, lawrence@aol.com, 2016-11-23 08:36:20.793917
300101843, Wayne Brown, 013300101843, wayne@aol.com, 2016-11-23 08:36:20.794017
300100657, Robbie Bailey, 013300100657, robbie@aol.com, 2016-11-23 08:36:20.794475
300101494, Lillie Lyons, 013300101494, lillie@aol.com, 2016-11-23 08:36:20.794886
300101461, Steve Edwards, 013300101461, steve@aol.com, 2016-11-23 08:36:20.795009
300101201, Mack Taylor, 013300101201, mack@aol.com, 2016-11-23 08:36:20.795329
300100259, Katrina Spooner, 013300100259, katrina@aol.com, 2016-11-23 08:36:20.798241
300100407, Lucille Doering, 013300100407, lucille@aol.com, 2016-11-23 08:36:20.804688
300100810, Rebecca Diaz, 013300100810, rebecca@aol.com, 2016-11-23 08:36:20.804877
300100516, Robbie Hill, 013300100516, robbie@aol.com, 2016-11-23 08:36:20.805516
300100692, Mary Reyes, 013300100692, mary@aol.com, 2016-11-23 08:36:20.805682
300101206, Rocio Lee, 013300101206, rocio@aol.com, 2016-11-23 08:36:20.806541
300100161, Pearl Ojeda, 013300100161, pearl@aol.com, 2016-11-23 08:36:20.808774
300100444, Veronica Palmer, 013300100444, veronica@aol.com, 2016-11-23 08:36:20.809057
300100871, Sandra Mierzejewski, 013300100871, sandra@aol.com, 2016-11-23 08:36:20.844132
300101895, Danyelle Benn, 013300101895, danyelle@aol.com, 2016-11-23 08:36:20.849740
300101503, Myrna Clark, 013300101503, myrna@aol.com, 2016-11-23 08:36:20.850154
300100778, Peter Mclaurin, 013300100778, peter@aol.com, 2016-11-23 08:36:20.852423
300100106, Mike Fowlkes, 013300100106, mike@aol.com, 2016-11-23 08:36:20.855937
300100025, Ron Cohoon, 013300100025, ron@aol.com, 2016-11-23 08:36:20.876848
300101006, Lori Posner, 013300101006, lori@aol.com, 2016-11-23 08:36:20.883273
300100251, Sandra Taylor, 013300100251, sandra@aol.com, 2016-11-23 08:36:20.883342
300101614, John Carlson, 013300101614, john@aol.com, 2016-11-23 08:36:20.883555
300100114, Florence Shurman, 013300100114, florence@aol.com, 2016-11-23 08:36:20.906603
300100096, Ethel Grass, 013300100096, ethel@aol.com, 2016-11-23 08:36:20.911118
300100557, Elaine Phillips, 013300100557, elaine@aol.com, 2016-11-23 08:36:20.911289
300101377, Wilbert Vasquez, 013300101377, wilbert@aol.com, 2016-11-23 08:36:20.911740
300101934, Jeremy Thoennes, 013300101934, jeremy@aol.com, 2016-11-23 08:36:20.958677
300100685, Jacqueline Gallagher, 013300100685, jacqueline@aol.com, 2016-11-23 08:36:20.959204
300100505, Scott Schummer, 013300100505, scott@aol.com, 2016-11-23 08:36:20.986238
300100735, Alyssa Lopez, 013300100735, alyssa@aol.com, 2016-11-23 08:36:20.986636
300100390, Robert Ebeid, 013300100390, robert@aol.com, 2016-11-23 08:36:21.025983
300101606, Darrell Macon, 013300101606, darrell@aol.com, 2016-11-23 08:36:21.028502
300100777, Leatrice Jones, 013300100777, leatrice@aol.com, 2016-11-23 08:36:21.029926
300101608, Paul Slaff, 013300101608, paul@aol.com, 2016-11-23 08:36:21.068879
300100242, Stanley Bergman, 013300100242, stanley@aol.com, 2016-11-23 08:36:21.070284
300100457, Karen Hallman, 013300100457, karen@aol.com, 2016-11-23 08:36:21.073129
300101318, Anthony Baier, 013300101318, anthony@aol.com, 2016-11-23 08:36:21.078328
300100694, Ruth Boser, 013300100694, ruth@aol.com, 2016-11-23 08:36:21.092948
300100224, Albert Bruning, 013300100224, albert@aol.com, 2016-11-23 08:36:21.102466
300101503, Karen Reis, 013300101503, karen@aol.com, 2016-11-23 08:36:21.105270
300100851, Bertha Prince, 013300100851, bertha@aol.com, 2016-11-23 08:36:21.105889
300100269, Mark Henry, 013300100269, mark@aol.com, 2016-11-23 08:36:21.106041
300101101, Laura Gardella, 013300101101, laura@aol.com, 2016-11-23 08:36:21.115451
300101400, Delores Bonine, 013300101400, delores@aol.com, 2016-11-23 08:36:21.137696
300101365, Robert Hazard, 013300101365, robert@aol.com, 2016-11-23 08:36:21.143130
300100427, Jill Deblauw, 013300100427, jill@aol.com, 2016-11-23 08:36:21.180369
300100859, Jon Dalphonse, 013300100859, jon@aol.com, 2016-11-23 08:36:21.215762
300100811, Phillip Lindsey, 013300100811, phillip@aol.com, 2016-11-23 08:36:21.216202
300100817, Josephine Hare, 013300100817, josephine@aol.com, 2016-11-23 08:36:21.217755
300100297, Diana Rowell, 013300100297, diana@aol.com, 2016-11-23 08:36:21.219085
300101390, Robert Brady, 013300101390, robert@aol.com, 2016-11-23 08:36:21.219431
300101796, Linda Lawrence, 013300101796, linda@aol.com, 2016-11-23 08:36:21.219602
300101441, Samantha Salerno, 013300101441, samantha@aol.com, 2016-11-23 08:36:21.222685
300101243, Kenneth Kaltz, 013300101243, kenneth@aol.com, 2016-11-23 08:36:21.254563
300101765, Karen Maobi, 013300101765, karen@aol.com, 2016-11-23 08:36:21.312856
300100668, Luther Thomas, 013300100668, luther@aol.com, 2016-11-23 08:36:21.313162
300100867, Gloria Arguelles, 013300100867, gloria@aol.com, 2016-11-23 08:36:21.319336
300101072, Pedro Key, 013300101072, pedro@aol.com, 2016-11-23 08:36:21.320024
300100885, Ernest Keenan, 013300100885, ernest@aol.com, 2016-11-23 08:36:21.321411
300100968, Bradley Kelley, 013300100968, bradley@aol.com, 2016-11-23 08:36:21.321670
300100519, Donna Wampler, 013300100519, donna@aol.com, 2016-11-23 08:36:21.324497
300101433, Katie Walden, 013300101433, katie@aol.com, 2016-11-23 08:36:21.325376
300101057, Arthur Small, 013300101057, arthur@aol.com, 2016-11-23 08:36:21.325818
300100040, Rebecca Moreland, 013300100040, rebecca@aol.com, 2016-11-23 08:36:21.327061
300101619, Clemencia Hobby, 013300101619, clemencia@aol.com, 2016-11-23 08:36:21.334697
300100242, Paul Koenig, 013300100242, paul@aol.com, 2016-11-23 08:36:21.336005
300100245, Elizabeth Rosario, 013300100245, elizabeth@aol.com, 2016-11-23 08:36:21.336600
300100838, Wilson Lopez, 013300100838, wilson@aol.com, 2016-11-23 08:36:21.336926
300100432, Bonnie Hawkins, 013300100432, bonnie@aol.com, 2016-11-23 08:36:21.337132
300100464, Margaret Stevenson, 013300100464, margaret@aol.com, 2016-11-23 08:36:21.337407
300100420, Jack Foster, 013300100420, jack@aol.com, 2016-11-23 08:36:21.337546
300100154, Ahmed Sanchez, 013300100154, ahmed@aol.com, 2016-11-23 08:36:21.338702
300100107, Mildred Johnson, 013300100107, mildred@aol.com, 2016-11-23 08:36:21.338879
300101283, Dana Gilliss, 013300101283, dana@aol.com, 2016-11-23 08:36:21.383899
300101774, James Herman, 013300101774, james@aol.com, 2016-11-23 08:36:21.384475
300100336, Annette Willemsen, 013300100336, annette@aol.com, 2016-11-23 08:36:21.408622
300101498, Emily Looman, 013300101498, emily@aol.com, 2016-11-23 08:36:21.440386
300100217, Marion Vogel, 013300100217, marion@aol.com, 2016-11-23 08:36:21.441479
300100016, Paula Yeung, 013300100016, paula@aol.com, 2016-11-23 08:36:21.448227
300100260, James Henderson, 013300100260, james@aol.com, 2016-11-23 08:36:21.448371
300100401, Eliseo Johnson, 013300100401, eliseo@aol.com, 2016-11-23 08:36:21.449008
300100363, Daniel Ventura, 013300100363, daniel@aol.com, 2016-11-23 08:36:21.450686
300101263, Karen Attebery, 013300101263, karen@aol.com, 2016-11-23 08:36:21.461679
300100091, Thelma Parker, 013300100091, thelma@aol.com, 2016-11-23 08:36:21.461887
300100152, Maurice Martin, 013300100152, maurice@aol.com, 2016-11-23 08:36:21.462074
300101803, Artie Carter, 013300101803, artie@aol.com, 2016-11-23 08:36:21.463219
300101695, Linda Schaefer, 013300101695, linda@aol.com, 2016-11-23 08:36:21.463951
300100887, Lauren Stevenson, 013300100887, lauren@aol.com, 2016-11-23 08:36:21.464330
300100419, Kyle Henderson, 013300100419, kyle@aol.com, 2016-11-23 08:36:21.464510
300100662, Cindy Stevens, 013300100662, cindy@aol.com, 2016-11-23 08:36:21.464710
300101168, Joanna Moore, 013300101168, joanna@aol.com, 2016-11-23 08:36:21.464975
300101719, Rafael Annis, 013300101719, rafael@aol.com, 2016-11-23 08:36:21.469537
300101830, Ron Sanders, 013300101830, ron@aol.com, 2016-11-23 08:36:21.469811
300100606, Corey Davis, 013300100606, corey@aol.com, 2016-11-23 08:36:21.469982
300100914, Ronald Orozco, 013300100914, ronald@aol.com, 2016-11-23 08:36:21.470754
300101676, Peggy Miller, 013300101676, peggy@aol.com, 2016-11-23 08:36:21.470871
300100179, Margarita Villarreal, 013300100179, margarita@aol.com, 2016-11-23 08:36:21.471556
300101133, Tracy Fontenot, 013300101133, tracy@aol.com, 2016-11-23 08:36:21.472622
300101374, Julia Brown, 013300101374, julia@aol.com, 2016-11-23 08:36:21.472753
300100255, Kristi Guerin, 013300100255, kristi@aol.com, 2016-11-23 08:36:21.476375
300101843, Billy Loy, 013300101843, billy@aol.com, 2016-11-23 08:36:21.479174
300100905, Steven Moore, 013300100905, steven@aol.com, 2016-11-23 08:36:21.479255
300101954, Vincent Huston, 013300101954, vincent@aol.com, 2016-11-23 08:36:21.480731
300100400, Daniel Walker, 013300100400, daniel@aol.com, 2016-11-23 08:36:21.480803
300101618, Lorraine Jackson, 013300101618, lorraine@aol.com, 2016-11-23 08:36:21.480966
300100026, Michelle Havens, 013300100026, michelle@aol.com, 2016-11-23 08:36:21.483385
300100728, Ruby Stollings, 013300100728, ruby@aol.com, 2016-11-23 08:36:21.489145
300101601, Randolph Vivier, 013300101601, randolph@aol.com, 2016-11-23 08:36:21.501296
300101974, Edwin Mullinix, 013300101974, edwin@aol.com, 2016-11-23 08:36:21.513203
300101852, Alice Rodriguez, 013300101852, alice@aol.com, 2016-11-23 08:36:21.513439
300100241, Andrew Ellis, 013300100241, andrew@aol.com, 2016-11-23 08:36:21.513785
300100185, Steven Ammons, 013300100185, steven@aol.com, 2016-11-23 08:36:21.516851
300100612, Josephine Tabron, 013300100612, josephine@aol.com, 2016-11-23 08:36:21.525838
300101050, Gloria Weber, 013300101050, gloria@aol.com, 2016-11-23 08:36:21.526178
300100276, Charlotte Ripka, 013300100276, charlotte@aol.com, 2016-11-23 08:36:21.555903
300101047, Thomas Houchens, 013300101047, thomas@aol.com, 2016-11-23 08:36:21.563637
300101649, Chad Noyes, 013300101649, chad@aol.com, 2016-11-23 08:36:21.565709
300101660, Chuck Rutherford, 013300101660, chuck@aol.com, 2016-11-23 08:36:21.566857
300100815, Todd Mciver, 013300100815, todd@aol.com, 2016-11-23 08:36:21.571704
300100933, Liz Hawkins, 013300100933, liz@aol.com, 2016-11-23 08:36:21.572585
300100533, Keith Bailey, 013300100533, keith@aol.com, 2016-11-23 08:36:21.572719
300101789, Dale Watson, 013300101789, dale@aol.com, 2016-11-23 08:36:21.572884
300101777, Eileen Williams, 013300101777, eileen@aol.com, 2016-11-23 08:36:21.573066
300101122, Paul Page, 013300101122, paul@aol.com, 2016-11-23 08:36:21.573329
300101210, James Sanders, 013300101210, james@aol.com, 2016-11-23 08:36:21.573422
300100398, Susan Allen, 013300100398, susan@aol.com, 2016-11-23 08:36:21.573488
300101013, Nannie Goyne, 013300101013, nannie@aol.com, 2016-11-23 08:36:21.600883
300101899, Justin Jauregui, 013300101899, justin@aol.com, 2016-11-23 08:36:21.606935
300101177, Lillian Butler, 013300101177, lillian@aol.com, 2016-11-23 08:36:21.607149
300101069, Denise Russo, 013300101069, denise@aol.com, 2016-11-23 08:36:21.607748
300100971, Joseph Watkins, 013300100971, joseph@aol.com, 2016-11-23 08:36:21.607919
300101721, Tommy Adrian, 013300101721, tommy@aol.com, 2016-11-23 08:36:21.612569
300101662, Amber Egan, 013300101662, amber@aol.com, 2016-11-23 08:36:21.613878
300101193, Donna Hass, 013300101193, donna@aol.com, 2016-11-23 08:36:21.616543
300101545, Francisco Anthony, 013300101545, francisco@aol.com, 2016-11-23 08:36:21.617038
300101361, David Taylor, 013300101361, david@aol.com, 2016-11-23 08:36:21.617096
300101484, Barbara Merrill, 013300101484, barbara@aol.com, 2016-11-23 08:36:21.617808
300101163, Marion Harman, 013300101163, marion@aol.com, 2016-11-23 08:36:21.619983
300101236, Robert Grijalva, 013300101236, robert@aol.com, 2016-11-23 08:36:21.624154
300101744, Debra Koch, 013300101744, debra@aol.com, 2016-11-23 08:36:21.624719
300100506, Debra Quiroga, 013300100506, debra@aol.com, 2016-11-23 08:36:21.632660
300100722, William Crouch, 013300100722, william@aol.com, 2016-11-23 08:36:21.633548
300100416, Irene Hernandez, 013300100416, irene@aol.com, 2016-11-23 08:36:21.633672
300101871, Ricky Clark, 013300101871, ricky@aol.com, 2016-11-23 08:36:21.633972
300101801, Dortha Parker, 013300101801, dortha@aol.com, 2016-11-23 08:36:21.635068
300101369, Raul Wright, 013300101369, raul@aol.com, 2016-11-23 08:36:21.635284
300100521, Ida Crow, 013300100521, ida@aol.com, 2016-11-23 08:36:21.636274
300100270, Connie Knuckles, 013300100270, connie@aol.com, 2016-11-23 08:36:21.645654
300100248, Timothy Guerra, 013300100248, timothy@aol.com, 2016-11-23 08:36:21.646156
300101901, Priscilla Newman, 013300101901, priscilla@aol.com, 2016-11-23 08:36:21.646586
300100541, Megan Mcknight, 013300100541, megan@aol.com, 2016-11-23 08:36:21.647224
300100862, Mathew Hibbard, 013300100862, mathew@aol.com, 2016-11-23 08:36:21.650067
300100683, Corine Ho, 013300100683, corine@aol.com, 2016-11-23 08:36:21.651591
300101116, Frances Cooper, 013300101116, frances@aol.com, 2016-11-23 08:36:21.651718
300100951, Patricia Thrasher, 013300100951, patricia@aol.com, 2016-11-23 08:36:21.653424
300100794, Gordon Smart, 013300100794, gordon@aol.com, 2016-11-23 08:36:21.654274
300101458, Michele Volz, 013300101458, michele@aol.com, 2016-11-23 08:36:21.657565
300101825, Tamara Bayardo, 013300101825, tamara@aol.com, 2016-11-23 08:36:21.698121
300100718, Thelma Berry, 013300100718, thelma@aol.com, 2016-11-23 08:36:21.698404
300100597, Margret Chalifoux, 013300100597, margret@aol.com, 2016-11-23 08:36:21.722745
300100393, Gary Mccarthy, 013300100393, gary@aol.com, 2016-11-23 08:36:21.723109
300101324, Paul Blanding, 013300101324, paul@aol.com, 2016-11-23 08:36:21.727450
300100069, Peter Weiss, 013300100069, peter@aol.com, 2016-11-23 08:36:21.727966
300101345, James Pellot, 013300101345, james@aol.com, 2016-11-23 08:36:21.739862
300100073, Jon Green, 013300100073, jon@aol.com, 2016-11-23 08:36:21.740213
300100561, Jeffrey Hollingsworth, 013300100561, jeffrey@aol.com, 2016-11-23 08:36:21.741454
300100724, Donald Ham, 013300100724, donald@aol.com, 2016-11-23 08:36:21.742792
300100371, Tommy Walker, 013300100371, tommy@aol.com, 2016-11-23 08:36:21.742991
300101608, Elaine Gleason, 013300101608, elaine@aol.com, 2016-11-23 08:36:21.744252
300101010, James Willemsen, 013300101010, james@aol.com, 2016-11-23 08:36:21.766351
300101717, Deena Diaz, 013300101717, deena@aol.com, 2016-11-23 08:36:21.767081
300101309, Lilly Stiles, 013300101309, lilly@aol.com, 2016-11-23 08:36:21.768623
300101262, Ryan Mccomber, 013300101262, ryan@aol.com, 2016-11-23 08:36:21.798393
300101059, Elaine Gillespie, 013300101059, elaine@aol.com, 2016-11-23 08:36:21.799082
300100786, Benjamin Kemnitz, 013300100786, benjamin@aol.com, 2016-11-23 08:36:21.822326
300100781, John Alfaro, 013300100781, john@aol.com, 2016-11-23 08:36:21.823811
300100852, Diane Fye, 013300100852, diane@aol.com, 2016-11-23 08:36:21.830814
300100420, Matthew Sampsell, 013300100420, matthew@aol.com, 2016-11-23 08:36:21.845834
300100967, Raymond Reynolds, 013300100967, raymond@aol.com, 2016-11-23 08:36:21.846033
300100117, Carl Marshall, 013300100117, carl@aol.com, 2016-11-23 08:36:21.846196
300101072, Magdalene Tennyson, 013300101072, magdalene@aol.com, 2016-11-23 08:36:21.852215
300100605, Francis Calder, 013300100605, francis@aol.com, 2016-11-23 08:36:21.856347
300100582, James Larkins, 013300100582, james@aol.com, 2016-11-23 08:36:21.860937
300101981, Michael Dawson, 013300101981, michael@aol.com, 2016-11-23 08:36:21.861231
300100005, Chloe Obrien, 013300100005, chloe@aol.com, 2016-11-23 08:36:21.862219
300101827, Stephanie Schmidt, 013300101827, stephanie@aol.com, 2016-11-23 08:36:21.862428
300101492, William Albright, 013300101492, william@aol.com, 2016-11-23 08:36:21.863357
300101645, George Spooner, 013300101645, george@aol.com, 2016-11-23 08:36:21.865816
300100218, Nelida Bouchard, 013300100218, nelida@aol.com, 2016-11-23 08:36:21.868980
300101951, Karen Davis, 013300101951, karen@aol.com, 2016-11-23 08:36:21.869061
300101527, Rose Gonyea, 013300101527, rose@aol.com, 2016-11-23 08:36:21.879223
300100523, David Price, 013300100523, david@aol.com, 2016-11-23 08:36:21.879384
300100226, James Brown, 013300100226, james@aol.com, 2016-11-23 08:36:21.879443
300101404, Manuel Dorr, 013300101404, manuel@aol.com, 2016-11-23 08:36:21.884206
300101212, Donna Murray, 013300101212, donna@aol.com, 2016-11-23 08:36:21.884379
300101143, Dionna Rice, 013300101143, dionna@aol.com, 2016-11-23 08:36:21.886368
300101803, Stephanie Coppenger, 013300101803, stephanie@aol.com, 2016-11-23 08:36:21.916423
300101973, Cordie Lia, 013300101973, cordie@aol.com, 2016-11-23 08:36:21.945626
300100435, Marcus Givens, 013300100435, marcus@aol.com, 2016-11-23 08:36:21.947247
300100721, James Paul, 013300100721, james@aol.com, 2016-11-23 08:36:21.947649
300101621, Betty Chu, 013300101621, betty@aol.com, 2016-11-23 08:36:21.949004
300101752, Edith Fine, 013300101752, edith@aol.com, 2016-11-23 08:36:21.951293
300101615, Cameron Drummond, 013300101615, cameron@aol.com, 2016-11-23 08:36:21.952620
300101563, Mark Skillings, 013300101563, mark@aol.com, 2016-11-23 08:36:21.964181
300101602, Harvey Brown, 013300101602, harvey@aol.com, 2016-11-23 08:36:21.964423
300100819, Nick Petty, 013300100819, nick@aol.com, 2016-11-23 08:36:21.965294
300100667, Paul Maloney, 013300100667, paul@aol.com, 2016-11-23 08:36:21.966227
300101689, Michael Dixon, 013300101689, michael@aol.com, 2016-11-23 08:36:21.966370
300100892, Lisa Hurley, 013300100892, lisa@aol.com, 2016-11-23 08:36:21.966951
300100182, Grace Schmitt, 013300100182, grace@aol.com, 2016-11-23 08:36:21.967917
300100275, Bernard Spitz, 013300100275, bernard@aol.com, 2016-11-23 08:36:21.975710
300100464, Bradley Elder, 013300100464, bradley@aol.com, 2016-11-23 08:36:21.976647
300101471, Susan Munguia, 013300101471, susan@aol.com, 2016-11-23 08:36:21.981084
300101942, Robert Hopkins, 013300101942, robert@aol.com, 2016-11-23 08:36:21.981359
300101964, Felicia Leggett, 013300101964, felicia@aol.com, 2016-11-23 08:36:21.983120
300101529, Anthony Beighley, 013300101529, anthony@aol.com, 2016-11-23 08:36:22.002086
300100408, Kimberly Chery, 013300100408, kimberly@aol.com, 2016-11-23 08:36:22.014046
300101770, Marta Kida, 013300101770, marta@aol.com, 2016-11-23 08:36:22.050200
300101294, Bruno Burroughs, 013300101294, bruno@aol.com, 2016-11-23 08:36:22.052351
300100306, Patricia Sicilian, 013300100306, patricia@aol.com, 2016-11-23 08:36:22.094333
300101363, Lydia Davila, 013300101363, lydia@aol.com, 2016-11-23 08:36:22.095386
300100473, Cheryl Clark, 013300100473, cheryl@aol.com, 2016-11-23 08:36:22.095500
300101661, Kenneth Dailey, 013300101661, kenneth@aol.com, 2016-11-23 08:36:22.096263
300100723, Lena Dupre, 013300100723, lena@aol.com, 2016-11-23 08:36:22.098037
300101463, Lois Nathan, 013300101463, lois@aol.com, 2016-11-23 08:36:22.101831
300101285, Donna Murphy, 013300101285, donna@aol.com, 2016-11-23 08:36:22.101968
300101344, Lynda Eckel, 013300101344, lynda@aol.com, 2016-11-23 08:36:22.117280
300101679, Kirsten Johnston, 013300101679, kirsten@aol.com, 2016-11-23 08:36:22.117942
300100889, Teri Pappan, 013300100889, teri@aol.com, 2016-11-23 08:36:22.135976
300101983, Kathryn Nelson, 013300101983, kathryn@aol.com, 2016-11-23 08:36:22.136163
300101308, Erma Ruffin, 013300101308, erma@aol.com, 2016-11-23 08:36:22.137588
300100722, Polly Hanson, 013300100722, polly@aol.com, 2016-11-23 08:36:22.138197
300100383, Richard Schroder, 013300100383, richard@aol.com, 2016-11-23 08:36:22.142356
300100926, Mary Brubaker, 013300100926, mary@aol.com, 2016-11-23 08:36:22.144724
300100787, Dorothy Mcpeak, 013300100787, dorothy@aol.com, 2016-11-23 08:36:22.149828
300100572, Betty Jarrett, 013300100572, betty@aol.com, 2016-11-23 08:36:22.150967
300101967, Tom Kim, 013300101967, tom@aol.com, 2016-11-23 08:36:22.151278
300100534, Robert Bell, 013300100534, robert@aol.com, 2016-11-23 08:36:22.151366
300100699, Tony Wong, 013300100699, tony@aol.com, 2016-11-23 08:36:22.151778
300101669, Kelly Snow, 013300101669, kelly@aol.com, 2016-11-23 08:36:22.152239
300100738, Elizabeth Rivers, 013300100738, elizabeth@aol.com, 2016-11-23 08:36:22.152746
300100054, Martha Grijalva, 013300100054, martha@aol.com, 2016-11-23 08:36:22.157543
300101539, Wendy Dillon, 013300101539, wendy@aol.com, 2016-11-23 08:36:22.158571
300100920, Thomas Scruggs, 013300100920, thomas@aol.com, 2016-11-23 08:36:22.159780
300101112, Rosa Adams, 013300101112, rosa@aol.com, 2016-11-23 08:36:22.159940
300101506, Christina Moore, 013300101506, christina@aol.com, 2016-11-23 08:36:22.160039
300101157, Sally Thomas, 013300101157, sally@aol.com, 2016-11-23 08:36:22.160201
300101406, Marjorie Fries, 013300101406, marjorie@aol.com, 2016-11-23 08:36:22.163235
300100415, Margaret Mccoy, 013300100415, margaret@aol.com, 2016-11-23 08:36:22.163429
300100110, Michael Butler, 013300100110, michael@aol.com, 2016-11-23 08:36:22.163535
300101859, Stacy Newton, 013300101859, stacy@aol.com, 2016-11-23 08:36:22.164134
300101060, Mary Taylor, 013300101060, mary@aol.com, 2016-11-23 08:36:22.164215
300100800, Paul Butler, 013300100800, paul@aol.com, 2016-11-23 08:36:22.164462
300100076, Theodore Jorgenson, 013300100076, theodore@aol.com, 2016-11-23 08:36:22.167736
300101375, Mike Jackson, 013300101375, mike@aol.com, 2016-11-23 08:36:22.167879
300100352, Michael Andreozzi, 013300100352, michael@aol.com, 2016-11-23 08:36:22.192547
300101853, Beverly Chilton, 013300101853, beverly@aol.com, 2016-11-23 08:36:22.195934
300101587, Kathleen Sorell, 013300101587, kathleen@aol.com, 2016-11-23 08:36:22.254645
300100976, Tony Jozwiak, 013300100976, tony@aol.com, 2016-11-23 08:36:22.265224
300101298, Sandra Newcomb, 013300101298, sandra@aol.com, 2016-11-23 08:36:22.266766
300101069, Beth Luna, 013300101069, beth@aol.com, 2016-11-23 08:36:22.267280
300101136, Thomas Riley, 013300101136, thomas@aol.com, 2016-11-23 08:36:22.267459
300100351, Amos Walters, 013300100351, amos@aol.com, 2016-11-23 08:36:22.268154
300100840, Stephen Perez, 013300100840, stephen@aol.com, 2016-11-23 08:36:22.268262
300101209, Jesus Herrera, 013300101209, jesus@aol.com, 2016-11-23 08:36:22.268843
300100741, Alan Clemence, 013300100741, alan@aol.com, 2016-11-23 08:36:22.300929
300101496, James Smith, 013300101496, james@aol.com, 2016-11-23 08:36:22.301039
300100107, Juan Batey, 013300100107, juan@aol.com, 2016-11-23 08:36:22.306010
300101713, Edgar Dipiano, 013300101713, edgar@aol.com, 2016-11-23 08:36:22.337417
300100092, Odelia Contreras, 013300100092, odelia@aol.com, 2016-11-23 08:36:22.340694
300100022, Olga Strickland, 013300100022, olga@aol.com, 2016-11-23 08:36:22.341285
300101461, Gerald Plath, 013300101461, gerald@aol.com, 2016-11-23 08:36:22.354684
300100225, Joseph Elizondo, 013300100225, joseph@aol.com, 2016-11-23 08:36:22.357278
300101480, Brian Maglione, 013300101480, brian@aol.com, 2016-11-23 08:36:22.371235
300100437, Marlo Dunton, 013300100437, marlo@aol.com, 2016-11-23 08:36:22.378242
300100738, Richard Montgomery, 013300100738, richard@aol.com, 2016-11-23 08:36:22.378476
300101632, Russell Pilcher, 013300101632, russell@aol.com, 2016-11-23 08:36:22.381854
300100260, Preston Thomas, 013300100260, preston@aol.com, 2016-11-23 08:36:22.382173
300100371, Meghan Mitchell, 013300100371, meghan@aol.com, 2016-11-23 08:36:22.382542
300101713, Richard Turner, 013300101713, richard@aol.com, 2016-11-23 08:36:22.382622
300101132, Barbara Siller, 013300101132, barbara@aol.com, 2016-11-23 08:36:22.394563
300101548, Robert Altman, 013300101548, robert@aol.com, 2016-11-23 08:36:22.396196
300100849, Veronica Anderson, 013300100849, veronica@aol.com, 2016-11-23 08:36:22.396379
300100324, Nicole Mcginnis, 013300100324, nicole@aol.com, 2016-11-23 08:36:22.397202
300100496, Clarence Mcleod, 013300100496, clarence@aol.com, 2016-11-23 08:36:22.397941
300100972, Jane Wahlert, 013300100972, jane@aol.com, 2016-11-23 08:36:22.449689
300101388, Pa Bates, 013300101388, pa@aol.com, 2016-11-23 08:36:22.455681
300101364, Maryellen Sasser, 013300101364, maryellen@aol.com, 2016-11-23 08:36:22.459577
300100259, Harold Trappey, 013300100259, harold@aol.com, 2016-11-23 08:36:22.504344
300101150, Austin Allen, 013300101150, austin@aol.com, 2016-11-23 08:36:22.504688
300100973, Mary Collins, 013300100973, mary@aol.com, 2016-11-23 08:36:22.504815
300101562, Jesse Culpepper, 013300101562, jesse@aol.com, 2016-11-23 08:36:22.507000
300101015, Allen Richmond, 013300101015, allen@aol.com, 2016-11-23 08:36:22.508005
300100236, Michael Guinyard, 013300100236, michael@aol.com, 2016-11-23 08:36:22.523902
300101813, Gloria Laird, 013300101813, gloria@aol.com, 2016-11-23 08:36:22.526289
300101191, William Blackmon, 013300101191, william@aol.com, 2016-11-23 08:36:22.528862
300101195, Heather Wilkerson, 013300101195, heather@aol.com, 2016-11-23 08:36:22.530027
300101729, Lena Hammond, 013300101729, lena@aol.com, 2016-11-23 08:36:22.530694
300101910, John Gaska, 013300101910, john@aol.com, 2016-11-23 08:36:22.568098
300100102, Charles Strickland, 013300100102, charles@aol.com, 2016-11-23 08:36:22.568452
300101557, Elizabeth Tuholski, 013300101557, elizabeth@aol.com, 2016-11-23 08:36:22.627015
300100767, Randy Ramirez, 013300100767, randy@aol.com, 2016-11-23 08:36:22.627389
300100520, Stuart Hawkins, 013300100520, stuart@aol.com, 2016-11-23 08:36:22.628238
300100160, Yong Lococo, 013300100160, yong@aol.com, 2016-11-23 08:36:22.648734
300100545, Lesley Schroeder, 013300100545, lesley@aol.com, 2016-11-23 08:36:22.650443
300100446, Ruby Miles, 013300100446, ruby@aol.com, 2016-11-23 08:36:22.651542
300100457, Mary Boyle, 013300100457, mary@aol.com, 2016-11-23 08:36:22.654051
300101737, Kelsey Jones, 013300101737, kelsey@aol.com, 2016-11-23 08:36:22.655318
300101808, Maria Calhoun, 013300101808, maria@aol.com, 2016-11-23 08:36:22.656002
300101200, David Lepage, 013300101200, david@aol.com, 2016-11-23 08:36:22.664479
300100281, Kelly Forte, 013300100281, kelly@aol.com, 2016-11-23 08:36:22.670176
300100960, Charles Fujioka, 013300100960, charles@aol.com, 2016-11-23 08:36:22.703727
300100778, Virginia Bennett, 013300100778, virginia@aol.com, 2016-11-23 08:36:22.703915
300100304, John Drake, 013300100304, john@aol.com, 2016-11-23 08:36:22.704272
300100141, Patty Simmons, 013300100141, patty@aol.com, 2016-11-23 08:36:22.704625
300100186, Mary Underwood, 013300100186, mary@aol.com, 2016-11-23 08:36:22.705064
300100132, Erin Peters, 013300100132, erin@aol.com, 2016-11-23 08:36:22.705349
300100732, Leroy Womack, 013300100732, leroy@aol.com, 2016-11-23 08:36:22.706222
300101971, Regina Reynolds, 013300101971, regina@aol.com, 2016-11-23 08:36:22.706700
300100973, Lori Lockett, 013300100973, lori@aol.com, 2016-11-23 08:36:22.708335
300101861, Darrel Tyler, 013300101861, darrel@aol.com, 2016-11-23 08:36:22.709146
300101550, Glenda Chadwick, 013300101550, glenda@aol.com, 2016-11-23 08:36:22.711080
300101242, Susan Belland, 013300101242, susan@aol.com, 2016-11-23 08:36:22.737251
300100559, Anthony Raub, 013300100559, anthony@aol.com, 2016-11-23 08:36:22.756157
300101196, James Mast, 013300101196, james@aol.com, 2016-11-23 08:36:22.761261
300101841, Louis Besson, 013300101841, louis@aol.com, 2016-11-23 08:36:22.796295
300101542, Bradley Myles, 013300101542, bradley@aol.com, 2016-11-23 08:36:22.798463
300101484, Ronald Moy, 013300101484, ronald@aol.com, 2016-11-23 08:36:22.803743
300101740, Lucas Moran, 013300101740, lucas@aol.com, 2016-11-23 08:36:22.804695
300100085, Mamie Enders, 013300100085, mamie@aol.com, 2016-11-23 08:36:22.816907
300100215, Robert Caruso, 013300100215, robert@aol.com, 2016-11-23 08:36:22.820083
300101647, Claudia Knowles, 013300101647, claudia@aol.com, 2016-11-23 08:36:22.821654
300100820, Janice Marrs, 013300100820, janice@aol.com, 2016-11-23 08:36:22.828876
300101970, Marisol Hill, 013300101970, marisol@aol.com, 2016-11-23 08:36:22.829581
300101336, Mae Rudd, 013300101336, mae@aol.com, 2016-11-23 08:36:22.832157
300100890, Dustin Schmitt, 013300100890, dustin@aol.com, 2016-11-23 08:36:22.833650
300100547, Marie Register, 013300100547, marie@aol.com, 2016-11-23 08:36:22.839216
300100618, Douglas Clifton, 013300100618, douglas@aol.com, 2016-11-23 08:36:22.841244
300101418, Charles Bell, 013300101418, charles@aol.com, 2016-11-23 08:36:22.841565
300101563, Dorothy Wagner, 013300101563, dorothy@aol.com, 2016-11-23 08:36:22.842097
300100945, Carol Holm, 013300100945, carol@aol.com, 2016-11-23 08:36:22.846479
300100389, James Calvillo, 013300100389, james@aol.com, 2016-11-23 08:36:22.855170
300100407, Miriam Steppe, 013300100407, miriam@aol.com, 2016-11-23 08:36:22.874311
300100989, Debra Bohn, 013300100989, debra@aol.com, 2016-11-23 08:36:22.878727
300100170, Ronald Galvez, 013300100170, ronald@aol.com, 2016-11-23 08:36:22.881560
300101066, Clifton Gomez, 013300101066, clifton@aol.com, 2016-11-23 08:36:22.882149
300101054, Charlotte Casavez, 013300101054, charlotte@aol.com, 2016-11-23 08:36:23.001362
300101940, Brandon Leonard, 013300101940, brandon@aol.com, 2016-11-23 08:36:23.001932
300100224, Lila Roberts, 013300100224, lila@aol.com, 2016-11-23 08:36:23.002434
300100145, Tina Buck, 013300100145, tina@aol.com, 2016-11-23 08:36:23.003177
300101172, Denise Fisher, 013300101172, denise@aol.com, 2016-11-23 08:36:23.003394
300101633, Angelique Dean, 013300101633, angelique@aol.com, 2016-11-23 08:36:23.004243
300101715, Sheila Smith, 013300101715, sheila@aol.com, 2016-11-23 08:36:23.004373
300101091, Christopher Gourley, 013300101091, christopher@aol.com, 2016-11-23 08:36:23.008704
300101629, Julia Hanson, 013300101629, julia@aol.com, 2016-11-23 08:36:23.009250
300101616, Merle Lucas, 013300101616, merle@aol.com, 2016-11-23 08:36:23.009980
300100472, Jennifer Fountain, 013300100472, jennifer@aol.com, 2016-11-23 08:36:23.012155
300100043, Anna Henderson, 013300100043, anna@aol.com, 2016-11-23 08:36:23.012818
300101645, Aaron Murphy, 013300101645, aaron@aol.com, 2016-11-23 08:36:23.013219
300100762, Margaret Morton, 013300100762, margaret@aol.com, 2016-11-23 08:36:23.014148
300101330, Obdulia Stevens, 013300101330, obdulia@aol.com, 2016-11-23 08:36:23.016911
300100305, Anne King, 013300100305, anne@aol.com, 2016-11-23 08:36:23.017068
300100486, Charles Simonson, 013300100486, charles@aol.com, 2016-11-23 08:36:23.019822
300101874, Ronald Strack, 013300101874, ronald@aol.com, 2016-11-23 08:36:23.030073
300100457, Steven Rhodes, 013300100457, steven@aol.com, 2016-11-23 08:36:23.030555
300101214, Irene Mack, 013300101214, irene@aol.com, 2016-11-23 08:36:23.030916
300100058, Robin Inouye, 013300100058, robin@aol.com, 2016-11-23 08:36:23.040372
300101489, Maria Jordon, 013300101489, maria@aol.com, 2016-11-23 08:36:23.042175
300100766, Bruno Vassallo, 013300100766, bruno@aol.com, 2016-11-23 08:36:23.049298
300100185, Felicia Bacurin, 013300100185, felicia@aol.com, 2016-11-23 08:36:23.085741
300101332, Sylvia Hayes, 013300101332, sylvia@aol.com, 2016-11-23 08:36:23.085974
300100449, Jose Wilson, 013300100449, jose@aol.com, 2016-11-23 08:36:23.086048
300100116, Edna Meighan, 013300100116, edna@aol.com, 2016-11-23 08:36:23.095397
300101151, Harold Marshall, 013300101151, harold@aol.com, 2016-11-23 08:36:23.095599
300100998, David Harris, 013300100998, david@aol.com, 2016-11-23 08:36:23.095665
300100428, Rhonda Pilcher, 013300100428, rhonda@aol.com, 2016-11-23 08:36:23.098951
300101069, Kathleen Cool, 013300101069, kathleen@aol.com, 2016-11-23 08:36:23.103354
300100608, Shirley Orcutt, 013300100608, shirley@aol.com, 2016-11-23 08:36:23.107916
300101206, Catherine Thomas, 013300101206, catherine@aol.com, 2016-11-23 08:36:23.108047
300101170, Christina Weakley, 013300101170, christina@aol.com, 2016-11-23 08:36:23.116499
300101033, Will Mayher, 013300101033, will@aol.com, 2016-11-23 08:36:23.166486
300101113, Mark Reamy, 013300101113, mark@aol.com, 2016-11-23 08:36:23.185799
300100994, Maria Fowler, 013300100994, maria@aol.com, 2016-11-23 08:36:23.186063
300101425, Fred Paulino, 013300101425, fred@aol.com, 2016-11-23 08:36:23.191618
300101274, Dennis Blair, 013300101274, dennis@aol.com, 2016-11-23 08:36:23.192022
300100002, Rita Hainley, 013300100002, rita@aol.com, 2016-11-23 08:36:23.231717
300100377, Antonio Taylor, 013300100377, antonio@aol.com, 2016-11-23 08:36:23.233236
300101278, Daniel Evey, 013300101278, daniel@aol.com, 2016-11-23 08:36:23.257038
300100357, Rocio Adams, 013300100357, rocio@aol.com, 2016-11-23 08:36:23.257885
300100357, Michael Hite, 013300100357, michael@aol.com, 2016-11-23 08:36:23.260419
300101165, Julia Cambell, 013300101165, julia@aol.com, 2016-11-23 08:36:23.263799
300101656, Dorothy Kingsley, 013300101656, dorothy@aol.com, 2016-11-23 08:36:23.266375
300101740, Isabelle Miller, 013300101740, isabelle@aol.com, 2016-11-23 08:36:23.266865
300101035, Carol Roy, 013300101035, carol@aol.com, 2016-11-23 08:36:23.267222
300101829, Kelly Gajeski, 013300101829, kelly@aol.com, 2016-11-23 08:36:23.323523
300100262, Fred Thomas, 013300100262, fred@aol.com, 2016-11-23 08:36:23.323747
300100754, Patricia Smith, 013300100754, patricia@aol.com, 2016-11-23 08:36:23.323869
300101204, Lloyd Gray, 013300101204, lloyd@aol.com, 2016-11-23 08:36:23.324250
300101151, Rudy Baker, 013300101151, rudy@aol.com, 2016-11-23 08:36:23.324820
300100993, James Smith, 013300100993, james@aol.com, 2016-11-23 08:36:23.324906
300101357, Daniel Reese, 013300101357, daniel@aol.com, 2016-11-23 08:36:23.325251
300101942, Andrew Green, 013300101942, andrew@aol.com, 2016-11-23 08:36:23.325355
300101555, Helen Roberge, 013300101555, helen@aol.com, 2016-11-23 08:36:23.329675
300100423, Emily Martinez, 013300100423, emily@aol.com, 2016-11-23 08:36:23.329862
300101404, William Ferguson, 013300101404, william@aol.com, 2016-11-23 08:36:23.330059
300100136, Richard Thode, 013300100136, richard@aol.com, 2016-11-23 08:36:23.346572
300100079, Douglas Spence, 013300100079, douglas@aol.com, 2016-11-23 08:36:23.347240
300100326, Margaret Adams, 013300100326, margaret@aol.com, 2016-11-23 08:36:23.347331
300100116, Jessie Gomez, 013300100116, jessie@aol.com, 2016-11-23 08:36:23.347615
300100129, Marylyn Jones, 013300100129, marylyn@aol.com, 2016-11-23 08:36:23.349055
300100118, Jennifer Harder, 013300100118, jennifer@aol.com, 2016-11-23 08:36:23.351137
300100509, Theresa Macdonald, 013300100509, theresa@aol.com, 2016-11-23 08:36:23.351838
300100594, Richard Davis, 013300100594, richard@aol.com, 2016-11-23 08:36:23.351901
300100604, Jeremiah Morris, 013300100604, jeremiah@aol.com, 2016-11-23 08:36:23.352187
300100436, April Henderson, 013300100436, april@aol.com, 2016-11-23 08:36:23.352378
300100096, Melanie Stokes, 013300100096, melanie@aol.com, 2016-11-23 08:36:23.352818
300100106, Justin Lovecchio, 013300100106, justin@aol.com, 2016-11-23 08:36:23.378234
300100481, Charles Montoya, 013300100481, charles@aol.com, 2016-11-23 08:36:23.378757
300101678, Cyrus Green, 013300101678, cyrus@aol.com, 2016-11-23 08:36:23.379391
300101835, Mary Riley, 013300101835, mary@aol.com, 2016-11-23 08:36:23.379615
300101276, Vera Ferguson, 013300101276, vera@aol.com, 2016-11-23 08:36:23.379915
300101468, Joan Ball, 013300101468, joan@aol.com, 2016-11-23 08:36:23.380213
300101885, Brenda Manwaring, 013300101885, brenda@aol.com, 2016-11-23 08:36:23.394305
300100270, Dean Quigley, 013300100270, dean@aol.com, 2016-11-23 08:36:23.396293
300100186, Chelsey Hall, 013300100186, chelsey@aol.com, 2016-11-23 08:36:23.397040
300100677, Wade Bauer, 013300100677, wade@aol.com, 2016-11-23 08:36:23.397835
300101043, Timothy Collins, 013300101043, timothy@aol.com, 2016-11-23 08:36:23.398125
300100694, Barry Fisher, 013300100694, barry@aol.com, 2016-11-23 08:36:23.398417
300100285, Christine Post, 013300100285, christine@aol.com, 2016-11-23 08:36:23.399571
300100612, John Raphael, 013300100612, john@aol.com, 2016-11-23 08:36:23.405330
300100598, Beatrice Turner, 013300100598, beatrice@aol.com, 2016-11-23 08:36:23.405528
300100671, Christopher Perez, 013300100671, christopher@aol.com, 2016-11-23 08:36:23.405608
300101087, Nelle Mcdonald, 013300101087, nelle@aol.com, 2016-11-23 08:36:23.407128
300101781, Warren Orahood, 013300101781, warren@aol.com, 2016-11-23 08:36:23.429967
300101617, Kendra Suchan, 013300101617, kendra@aol.com, 2016-11-23 08:36:23.447575
300100391, Martha Parrish, 013300100391, martha@aol.com, 2016-11-23 08:36:23.448095
300101013, Brett Akin, 013300101013, brett@aol.com, 2016-11-23 08:36:23.450628
300100212, John Faire, 013300100212, john@aol.com, 2016-11-23 08:36:23.476023
300101283, Samantha Mayes, 013300101283, samantha@aol.com, 2016-11-23 08:36:23.477599
300101234, Lori Ward, 013300101234, lori@aol.com, 2016-11-23 08:36:23.478373
300101126, Constance Finney, 013300101126, constance@aol.com, 2016-11-23 08:36:23.480788
300100528, Brenda Gill, 013300100528, brenda@aol.com, 2016-11-23 08:36:23.481322
300100173, Margaret Asbell, 013300100173, margaret@aol.com, 2016-11-23 08:36:23.497344
300101999, Leonard Holland, 013300101999, leonard@aol.com, 2016-11-23 08:36:23.497744
300101106, Linda Schein, 013300101106, linda@aol.com, 2016-11-23 08:36:23.521449
300101423, Mary Compton, 013300101423, mary@aol.com, 2016-11-23 08:36:23.522128
300101536, Michael Williamson, 013300101536, michael@aol.com, 2016-11-23 08:36:23.522329
300101458, Marcella Elliott, 013300101458, marcella@aol.com, 2016-11-23 08:36:23.522772
300100718, James Nolan, 013300100718, james@aol.com, 2016-11-23 08:36:23.523303
300101099, Reba Sharp, 013300101099, reba@aol.com, 2016-11-23 08:36:23.523914
300100842, Nina Wedgewood, 013300100842, nina@aol.com, 2016-11-23 08:36:23.563366
300101444, Kimberly Watkins, 013300101444, kimberly@aol.com, 2016-11-23 08:36:23.563589
300101295, William Haworth, 013300101295, william@aol.com, 2016-11-23 08:36:23.567092
300100541, Candida Beall, 013300100541, candida@aol.com, 2016-11-23 08:36:23.569965
300101607, Herman Wix, 013300101607, herman@aol.com, 2016-11-23 08:36:23.580405
300101317, Richard Spitz, 013300101317, richard@aol.com, 2016-11-23 08:36:23.587025
300100799, Justine Byker, 013300100799, justine@aol.com, 2016-11-23 08:36:23.632413
300101875, Dwight Meier, 013300101875, dwight@aol.com, 2016-11-23 08:36:23.633973
300101085, Larry Singleton, 013300101085, larry@aol.com, 2016-11-23 08:36:23.634431
300101886, Carlos Diaz, 013300101886, carlos@aol.com, 2016-11-23 08:36:23.634615
300100183, Rose Anderson, 013300100183, rose@aol.com, 2016-11-23 08:36:23.634721
300101454, Roslyn Neville, 013300101454, roslyn@aol.com, 2016-11-23 08:36:23.637553
300100702, Eva Goodstein, 013300100702, eva@aol.com, 2016-11-23 08:36:23.660009
300100780, Tonia Hernandez, 013300100780, tonia@aol.com, 2016-11-23 08:36:23.660544
300100287, Charles Duhon, 013300100287, charles@aol.com, 2016-11-23 08:36:23.664986
300100538, Margaret Martell, 013300100538, margaret@aol.com, 2016-11-23 08:36:23.667118
300101004, David Thomas, 013300101004, david@aol.com, 2016-11-23 08:36:23.667175
300100471, Robert Scoles, 013300100471, robert@aol.com, 2016-11-23 08:36:23.679275
300101688, Deborah Nance, 013300101688, deborah@aol.com, 2016-11-23 08:36:23.680114
300100250, Robert Robles, 013300100250, robert@aol.com, 2016-11-23 08:36:23.680557
300100238, Vivian Nickl, 013300100238, vivian@aol.com, 2016-11-23 08:36:23.707974
300100608, Anna Stringham, 013300100608, anna@aol.com, 2016-11-23 08:36:23.715501
300100120, Norma Niles, 013300100120, norma@aol.com, 2016-11-23 08:36:23.717686
300101075, Shaun Swanner, 013300101075, shaun@aol.com, 2016-11-23 08:36:23.724154
300100036, Mary Davis, 013300100036, mary@aol.com, 2016-11-23 08:36:23.724205
300101766, Rosie Obiesie, 013300101766, rosie@aol.com, 2016-11-23 08:36:23.771380
300101215, Sandra Fernandez, 013300101215, sandra@aol.com, 2016-11-23 08:36:23.771620
300100722, Irene Glover, 013300100722, irene@aol.com, 2016-11-23 08:36:23.771958
300101627, Anthony Tondreau, 013300101627, anthony@aol.com, 2016-11-23 08:36:23.780788
300100913, Nick Knowles, 013300100913, nick@aol.com, 2016-11-23 08:36:23.781688
300101809, Juanita Bryan, 013300101809, juanita@aol.com, 2016-11-23 08:36:23.782139
300101206, Antonia Jackson, 013300101206, antonia@aol.com, 2016-11-23 08:36:23.782470
300101453, Katrina Lachiatto, 013300101453, katrina@aol.com, 2016-11-23 08:36:23.839538
300101582, Marjorie Goldman, 013300101582, marjorie@aol.com, 2016-11-23 08:36:23.841032
300100930, Juanita Hooks, 013300100930, juanita@aol.com, 2016-11-23 08:36:23.842492
300101283, William Estimable, 013300101283, william@aol.com, 2016-11-23 08:36:23.896656
300101763, Amy Parton, 013300101763, amy@aol.com, 2016-11-23 08:36:23.900712
300100392, Brian Teague, 013300100392, brian@aol.com, 2016-11-23 08:36:23.901786
300101064, Jim Mendoza, 013300101064, jim@aol.com, 2016-11-23 08:36:23.902138
300101678, Edward Turk, 013300101678, edward@aol.com, 2016-11-23 08:36:23.904540
300101551, Lisa Wagner, 013300101551, lisa@aol.com, 2016-11-23 08:36:23.904720
300101103, Joseph Stoltzfus, 013300101103, joseph@aol.com, 2016-11-23 08:36:23.908476
300101693, Miguel Molter, 013300101693, miguel@aol.com, 2016-11-23 08:36:23.917564
300101244, Tracey Tola, 013300101244, tracey@aol.com, 2016-11-23 08:36:23.939131
300101743, Catherine Hawkins, 013300101743, catherine@aol.com, 2016-11-23 08:36:23.939313
300100959, Robert Barnes, 013300100959, robert@aol.com, 2016-11-23 08:36:23.939410
300100787, Richard Freeman, 013300100787, richard@aol.com, 2016-11-23 08:36:23.939537
300101124, Barbara Phelps, 013300101124, barbara@aol.com, 2016-11-23 08:36:23.939902
300101308, Diane Shultz, 013300101308, diane@aol.com, 2016-11-23 08:36:23.941149
300100720, Sara Ritchey, 013300100720, sara@aol.com, 2016-11-23 08:36:23.943758
300101729, Brenda Walker, 013300101729, brenda@aol.com, 2016-11-23 08:36:23.943837
300101411, James Schimke, 013300101411, james@aol.com, 2016-11-23 08:36:23.955046
300101537, Thomas Moody, 013300101537, thomas@aol.com, 2016-11-23 08:36:23.955390
300101251, Andy Good, 013300101251, andy@aol.com, 2016-11-23 08:36:23.956243
300100784, Patricia Hall, 013300100784, patricia@aol.com, 2016-11-23 08:36:23.956304
300101760, Justin Jackson, 013300101760, justin@aol.com, 2016-11-23 08:36:23.956390
300100360, Roger Varner, 013300100360, roger@aol.com, 2016-11-23 08:36:23.957581
300100250, Malcolm Baker, 013300100250, malcolm@aol.com, 2016-11-23 08:36:23.957880
300101950, Rosa Williams, 013300101950, rosa@aol.com, 2016-11-23 08:36:23.957995
300100766, Vera Bridges, 013300100766, vera@aol.com, 2016-11-23 08:36:23.958500
300100020, Lori Rump, 013300100020, lori@aol.com, 2016-11-23 08:36:23.979585
300100732, Emily Sandmeier, 013300100732, emily@aol.com, 2016-11-23 08:36:24.005164
300100646, Casey Shields, 013300100646, casey@aol.com, 2016-11-23 08:36:24.005927
300100746, Consuelo Whitesides, 013300100746, consuelo@aol.com, 2016-11-23 08:36:24.013539
300101963, Evan Dickerson, 013300101963, evan@aol.com, 2016-11-23 08:36:24.014133
300101033, Doris Harris, 013300101033, doris@aol.com, 2016-11-23 08:36:24.014224
300100762, Brian Michel, 013300100762, brian@aol.com, 2016-11-23 08:36:24.015327
300101687, Sheila Vasquez, 013300101687, sheila@aol.com, 2016-11-23 08:36:24.015618
300101059, Donna White, 013300101059, donna@aol.com, 2016-11-23 08:36:24.015683
300100460, Robert Albrecht, 013300100460, robert@aol.com, 2016-11-23 08:36:24.017172
300100463, Isobel Loy, 013300100463, isobel@aol.com, 2016-11-23 08:36:24.022105
300100861, Bryan Hisey, 013300100861, bryan@aol.com, 2016-11-23 08:36:24.032763
300101450, Gwendolyn White, 013300101450, gwendolyn@aol.com, 2016-11-23 08:36:24.033014
300100006, Jonathon Johnson, 013300100006, jonathon@aol.com, 2016-11-23 08:36:24.033307
300101830, Charles Maione, 013300101830, charles@aol.com, 2016-11-23 08:36:24.090462
300101777, Tyesha Dumas, 013300101777, tyesha@aol.com, 2016-11-23 08:36:24.093175
300100754, John Corbett, 013300100754, john@aol.com, 2016-11-23 08:36:24.093960
300101521, Katherine Buchanan, 013300101521, katherine@aol.com, 2016-11-23 08:36:24.094337
300101816, Hunter Cosselman, 013300101816, hunter@aol.com, 2016-11-23 08:36:24.118853
300100137, Sandra Sokol, 013300100137, sandra@aol.com, 2016-11-23 08:36:24.122786
300100646, Jeffery Willis, 013300100646, jeffery@aol.com, 2016-11-23 08:36:24.123030
300101716, Willie Winston, 013300101716, willie@aol.com, 2016-11-23 08:36:24.123918
300100582, Ivan Romanick, 013300100582, ivan@aol.com, 2016-11-23 08:36:24.165964
300100534, Thomas Nutting, 013300100534, thomas@aol.com, 2016-11-23 08:36:24.174115
300101136, Lyle Williams, 013300101136, lyle@aol.com, 2016-11-23 08:36:24.174478
300100455, Sandra Yamazaki, 013300100455, sandra@aol.com, 2016-11-23 08:36:24.215410
300101689, Elise Rubino, 013300101689, elise@aol.com, 2016-11-23 08:36:24.219846
300100689, Neal Overton, 013300100689, neal@aol.com, 2016-11-23 08:36:24.221206
300101743, Leisa Webley, 013300101743, leisa@aol.com, 2016-11-23 08:36:24.256658
300101318, Anthony Crockwell, 013300101318, anthony@aol.com, 2016-11-23 08:36:24.291346
300101883, Joseph Bricker, 013300101883, joseph@aol.com, 2016-11-23 08:36:24.295883
300101136, Elva Weller, 013300101136, elva@aol.com, 2016-11-23 08:36:24.297913
300100695, Sam Meyers, 013300100695, sam@aol.com, 2016-11-23 08:36:24.298494
300101276, Alice Hansen, 013300101276, alice@aol.com, 2016-11-23 08:36:24.298721
300100909, Verna Hughes, 013300100909, verna@aol.com, 2016-11-23 08:36:24.299059
300101189, Doris Branch, 013300101189, doris@aol.com, 2016-11-23 08:36:24.299609
300100966, Tammy Payne, 013300100966, tammy@aol.com, 2016-11-23 08:36:24.299809
300101751, Victor Goyette, 013300101751, victor@aol.com, 2016-11-23 08:36:24.309404
300100881, Edward Martin, 013300100881, edward@aol.com, 2016-11-23 08:36:24.309588
300101413, Jason Dickens, 013300101413, jason@aol.com, 2016-11-23 08:36:24.311848
300100618, Jerome Brooks, 013300100618, jerome@aol.com, 2016-11-23 08:36:24.312318
300100403, Amanda Connor, 013300100403, amanda@aol.com, 2016-11-23 08:36:24.313845
300100409, Liza Harris, 013300100409, liza@aol.com, 2016-11-23 08:36:24.315106
300101186, Pamela Boyd, 013300101186, pamela@aol.com, 2016-11-23 08:36:24.315479
300101199, Connie Topper, 013300101199, connie@aol.com, 2016-11-23 08:36:24.331413
300101815, Todd Smith, 013300101815, todd@aol.com, 2016-11-23 08:36:24.331867
300100747, Harriet Collazo, 013300100747, harriet@aol.com, 2016-11-23 08:36:24.336533
300100136, Rodney Barnes, 013300100136, rodney@aol.com, 2016-11-23 08:36:24.336967
300100490, Charles Hillebrandt, 013300100490, charles@aol.com, 2016-11-23 08:36:24.406261
300100086, Stephanie Walter, 013300100086, stephanie@aol.com, 2016-11-23 08:36:24.406824
300100034, Cary Lowry, 013300100034, cary@aol.com, 2016-11-23 08:36:24.408107
300100254, William Bergen, 013300100254, william@aol.com, 2016-11-23 08:36:24.411689
300100112, Joshua Wright, 013300100112, joshua@aol.com, 2016-11-23 08:36:24.411791
300100636, Marilyn Rhodes, 013300100636, marilyn@aol.com, 2016-11-23 08:36:24.412085
300100598, Isabel Pointer, 013300100598, isabel@aol.com, 2016-11-23 08:36:24.414830
300100523, Jose Watson, 013300100523, jose@aol.com, 2016-11-23 08:36:24.415022
300100538, Vincent Jefferson, 013300100538, vincent@aol.com, 2016-11-23 08:36:24.415453
300101862, Selene Payne, 013300101862, selene@aol.com, 2016-11-23 08:36:24.417283
300100018, Viola Trevethan, 013300100018, viola@aol.com, 2016-11-23 08:36:24.510222
300100367, Michael Smith, 013300100367, michael@aol.com, 2016-11-23 08:36:24.510392
300100445, Randi Wright, 013300100445, randi@aol.com, 2016-11-23 08:36:24.512396
300100368, Bess Boyett, 013300100368, bess@aol.com, 2016-11-23 08:36:24.530519
300100322, Audra Harwell, 013300100322, audra@aol.com, 2016-11-23 08:36:24.541503
300101182, Geraldine Miller, 013300101182, geraldine@aol.com, 2016-11-23 08:36:24.541895
300100711, James Rodgers, 013300100711, james@aol.com, 2016-11-23 08:36:24.542585
300100556, Harold Skrine, 013300100556, harold@aol.com, 2016-11-23 08:36:24.596425
300101131, Carlos Lindsay, 013300101131, carlos@aol.com, 2016-11-23 08:36:24.597353
300100040, Barry Lever, 013300100040, barry@aol.com, 2016-11-23 08:36:24.606481
300100298, Lawrence Faber, 013300100298, lawrence@aol.com, 2016-11-23 08:36:24.609122
300101775, Martha Mitchell, 013300101775, martha@aol.com, 2016-11-23 08:36:24.609227
300101449, Shannon Hays, 013300101449, shannon@aol.com, 2016-11-23 08:36:24.609953
300101676, Kyle Wells, 013300101676, kyle@aol.com, 2016-11-23 08:36:24.610166
300100076, Steven Mills, 013300100076, steven@aol.com, 2016-11-23 08:36:24.610322
300100446, Debra Evans, 013300100446, debra@aol.com, 2016-11-23 08:36:24.610421
300101765, Valerie Slusher, 013300101765, valerie@aol.com, 2016-11-23 08:36:24.615201
300100483, Karen Smith, 013300100483, karen@aol.com, 2016-11-23 08:36:24.615258
300100058, Raymond Jones, 013300100058, raymond@aol.com, 2016-11-23 08:36:24.615327
300101360, Lester Wood, 013300101360, lester@aol.com, 2016-11-23 08:36:24.615545
300101246, Joshua Cordova, 013300101246, joshua@aol.com, 2016-11-23 08:36:24.616332
300100785, Dawn Hallock, 013300100785, dawn@aol.com, 2016-11-23 08:36:24.619979
300101144, Tina Salas, 013300101144, tina@aol.com, 2016-11-23 08:36:24.621270
300100736, Thomas Valdes, 013300100736, thomas@aol.com, 2016-11-23 08:36:24.624677
300101309, Shelley Woods, 013300101309, shelley@aol.com, 2016-11-23 08:36:24.625115
300100699, Debra Bland, 013300100699, debra@aol.com, 2016-11-23 08:36:24.626011
300100529, Ruth Camara, 013300100529, ruth@aol.com, 2016-11-23 08:36:24.629759
300101930, Janet Joyce, 013300101930, janet@aol.com, 2016-11-23 08:36:24.630427
300100812, Jessica Jacobs, 013300100812, jessica@aol.com, 2016-11-23 08:36:24.630664
300101727, Holley Nunez, 013300101727, holley@aol.com, 2016-11-23 08:36:24.633763
300101890, Cedric Jenkins, 013300101890, cedric@aol.com, 2016-11-23 08:36:24.634264
300100170, Walter Baker, 013300100170, walter@aol.com, 2016-11-23 08:36:24.634379
300100321, Erin Reed, 013300100321, erin@aol.com, 2016-11-23 08:36:24.634588
300101823, Kevin Rasmussen, 013300101823, kevin@aol.com, 2016-11-23 08:36:24.635429
300100480, Brenton Holt, 013300100480, brenton@aol.com, 2016-11-23 08:36:24.636542
300100801, Dan Wheeler, 013300100801, dan@aol.com, 2016-11-23 08:36:24.637017
300100891, Carrie Cruz, 013300100891, carrie@aol.com, 2016-11-23 08:36:24.637300
300100083, Mary Hughes, 013300100083, mary@aol.com, 2016-11-23 08:36:24.637416
300100925, Jose Neel, 013300100925, jose@aol.com, 2016-11-23 08:36:24.640599
300100333, Gail Yokota, 013300100333, gail@aol.com, 2016-11-23 08:36:24.656891
300101756, Daniel Dailey, 013300101756, daniel@aol.com, 2016-11-23 08:36:24.657697
300100720, Alfonzo Small, 013300100720, alfonzo@aol.com, 2016-11-23 08:36:24.659891
300101852, Floyd Coleman, 013300101852, floyd@aol.com, 2016-11-23 08:36:24.660518
300100669, John Hughes, 013300100669, john@aol.com, 2016-11-23 08:36:24.660705
300101307, Mary Kohen, 013300101307, mary@aol.com, 2016-11-23 08:36:24.676378
300100845, Linwood Rathbone, 013300100845, linwood@aol.com, 2016-11-23 08:36:24.681752
300101090, Elizabeth Yee, 013300101090, elizabeth@aol.com, 2016-11-23 08:36:24.683733
300100764, Jane Duke, 013300100764, jane@aol.com, 2016-11-23 08:36:24.684483
300101919, Melissa Conner, 013300101919, melissa@aol.com, 2016-11-23 08:36:24.684843
300101910, Todd Mack, 013300101910, todd@aol.com, 2016-11-23 08:36:24.685206
300100458, Billie Nichols, 013300100458, billie@aol.com, 2016-11-23 08:36:24.685534
300100531, Deloris Emmett, 013300100531, deloris@aol.com, 2016-11-23 08:36:24.691846
300100855, William Perry, 013300100855, william@aol.com, 2016-11-23 08:36:24.691957
300101394, Crystal Powers, 013300101394, crystal@aol.com, 2016-11-23 08:36:24.692275
300101122, Margaret Stoker, 013300101122, margaret@aol.com, 2016-11-23 08:36:24.695318
300100720, Martha Haverstick, 013300100720, martha@aol.com, 2016-11-23 08:36:24.725963
300101632, John Morgon, 013300101632, john@aol.com, 2016-11-23 08:36:24.750682
300100018, Alejandro Grady, 013300100018, alejandro@aol.com, 2016-11-23 08:36:24.752126
300101042, Enrique Walton, 013300101042, enrique@aol.com, 2016-11-23 08:36:24.752721
300101921, Michael Nelson, 013300101921, michael@aol.com, 2016-11-23 08:36:24.752798
300100942, Marshall Huddleston, 013300100942, marshall@aol.com, 2016-11-23 08:36:24.754229
300101785, Lucinda Shaw, 013300101785, lucinda@aol.com, 2016-11-23 08:36:24.754716
300101357, Melanie Hornak, 013300101357, melanie@aol.com, 2016-11-23 08:36:24.771599
300101237, Sam Greenway, 013300101237, sam@aol.com, 2016-11-23 08:36:24.777077
300100022, Amanda Wyatt, 013300100022, amanda@aol.com, 2016-11-23 08:36:24.777531
300100286, David Ragusano, 013300100286, david@aol.com, 2016-11-23 08:36:24.826321
300101846, Alana Peery, 013300101846, alana@aol.com, 2016-11-23 08:36:24.833605
300101206, Wayne Featherston, 013300101206, wayne@aol.com, 2016-11-23 08:36:24.842030
300100618, Dave Gallemore, 013300100618, dave@aol.com, 2016-11-23 08:36:24.879672
300101398, Robert Huttar, 013300101398, robert@aol.com, 2016-11-23 08:36:24.942392
300100138, Dion Shunk, 013300100138, dion@aol.com, 2016-11-23 08:36:24.953163
300100377, Marshall Johns, 013300100377, marshall@aol.com, 2016-11-23 08:36:24.953834
300100968, Leroy Wilson, 013300100968, leroy@aol.com, 2016-11-23 08:36:24.954007
300101572, Loretta Korn, 013300101572, loretta@aol.com, 2016-11-23 08:36:24.959111
300100780, Mark Peterson, 013300100780, mark@aol.com, 2016-11-23 08:36:24.959255
300100172, Adam Weller, 013300100172, adam@aol.com, 2016-11-23 08:36:24.960916
300101570, Scott Steedley, 013300101570, scott@aol.com, 2016-11-23 08:36:24.977766
300101916, Joanie Becker, 013300101916, joanie@aol.com, 2016-11-23 08:36:24.979175
300100653, George Cook, 013300100653, george@aol.com, 2016-11-23 08:36:24.979273
300101138, Jon Binger, 013300101138, jon@aol.com, 2016-11-23 08:36:24.996123
300100350, Cassandra Cochrane, 013300100350, cassandra@aol.com, 2016-11-23 08:36:24.999025
300100765, Jimmy Ahlm, 013300100765, jimmy@aol.com, 2016-11-23 08:36:25.029146
300100853, Mark Featherston, 013300100853, mark@aol.com, 2016-11-23 08:36:25.035293
300101820, Kathryn Lee, 013300101820, kathryn@aol.com, 2016-11-23 08:36:25.035486
300101313, Stephen Calandra, 013300101313, stephen@aol.com, 2016-11-23 08:36:25.053836
300100735, Earl Blakey, 013300100735, earl@aol.com, 2016-11-23 08:36:25.060504
300101526, Gwen Simpson, 013300101526, gwen@aol.com, 2016-11-23 08:36:25.061022
300100928, Beulah Arroliga, 013300100928, beulah@aol.com, 2016-11-23 08:36:25.087088
300100878, Mary Shockley, 013300100878, mary@aol.com, 2016-11-23 08:36:25.088748
300100087, Malcolm Jorgensen, 013300100087, malcolm@aol.com, 2016-11-23 08:36:25.090636
300100444, Ronald Weatherford, 013300100444, ronald@aol.com, 2016-11-23 08:36:25.093164
300101445, Joanna Chelton, 013300101445, joanna@aol.com, 2016-11-23 08:36:25.117877
300100253, Steven Mann, 013300100253, steven@aol.com, 2016-11-23 08:36:25.118271
300101842, Paul Supernaw, 013300101842, paul@aol.com, 2016-11-23 08:36:25.139055
300101416, Rene Hurt, 013300101416, rene@aol.com, 2016-11-23 08:36:25.140150
300100669, Marty Helton, 013300100669, marty@aol.com, 2016-11-23 08:36:25.141423
300101620, Samuel Stafford, 013300101620, samuel@aol.com, 2016-11-23 08:36:25.142049
300100903, Eddie Baker, 013300100903, eddie@aol.com, 2016-11-23 08:36:25.142240
300101661, Bridget Enos, 013300101661, bridget@aol.com, 2016-11-23 08:36:25.145517
300101673, Ana Hill, 013300101673, ana@aol.com, 2016-11-23 08:36:25.145763
300101864, Maria Lister, 013300101864, maria@aol.com, 2016-11-23 08:36:25.148830
300101724, Marisa Jensen, 013300101724, marisa@aol.com, 2016-11-23 08:36:25.149592
300100498, Erica Sanderson, 013300100498, erica@aol.com, 2016-11-23 08:36:25.150840
300100546, Janis Shaffer, 013300100546, janis@aol.com, 2016-11-23 08:36:25.151780
300101846, Preston Radford, 013300101846, preston@aol.com, 2016-11-23 08:36:25.153948
300101009, Jan Martin, 013300101009, jan@aol.com, 2016-11-23 08:36:25.154282
300101060, Clifford Miles, 013300101060, clifford@aol.com, 2016-11-23 08:36:25.154673
300101801, Alberto Sandlin, 013300101801, alberto@aol.com, 2016-11-23 08:36:25.157604
300101885, John Matthews, 013300101885, john@aol.com, 2016-11-23 08:36:25.157776
300101340, Russell Johnson, 013300101340, russell@aol.com, 2016-11-23 08:36:25.157883
300100232, Judith Miller, 013300100232, judith@aol.com, 2016-11-23 08:36:25.157980
300100081, Gary Palmer, 013300100081, gary@aol.com, 2016-11-23 08:36:25.158176
300101600, Mary Lingbeek, 013300101600, mary@aol.com, 2016-11-23 08:36:25.215377
300100871, Curtis Monn, 013300100871, curtis@aol.com, 2016-11-23 08:36:25.226395
300101432, Donald Lu, 013300101432, donald@aol.com, 2016-11-23 08:36:25.228813
300100522, Lakita Williams, 013300100522, lakita@aol.com, 2016-11-23 08:36:25.231154
300100891, Arthur Warren, 013300100891, arthur@aol.com, 2016-11-23 08:36:25.231322
300101736, Eleanor Sampson, 013300101736, eleanor@aol.com, 2016-11-23 08:36:25.231998
300101410, Joe Stancil, 013300101410, joe@aol.com, 2016-11-23 08:36:25.235594
300101343, Megan Peccia, 013300101343, megan@aol.com, 2016-11-23 08:36:25.284687
300101147, Jeffrey Keeney, 013300101147, jeffrey@aol.com, 2016-11-23 08:36:25.287318
300100343, Linda Holcomb, 013300100343, linda@aol.com, 2016-11-23 08:36:25.288021
300101144, Minnie Ruth, 013300101144, minnie@aol.com, 2016-11-23 08:36:25.289695
300100963, Pamela Dickerson, 013300100963, pamela@aol.com, 2016-11-23 08:36:25.290104
300101029, Jimmy Williams, 013300101029, jimmy@aol.com, 2016-11-23 08:36:25.290214
300101854, Stephan Martinez, 013300101854, stephan@aol.com, 2016-11-23 08:36:25.290605
300100848, Dorothy Perez, 013300100848, dorothy@aol.com, 2016-11-23 08:36:25.290681
300100713, Leah Wilson, 013300100713, leah@aol.com, 2016-11-23 08:36:25.290906
300101899, James Jimenez, 013300101899, james@aol.com, 2016-11-23 08:36:25.291131
300100843, Andre Pearce, 013300100843, andre@aol.com, 2016-11-23 08:36:25.292644
300101150, John Connelly, 013300101150, john@aol.com, 2016-11-23 08:36:25.294749
300100266, Rodger Gibbons, 013300100266, rodger@aol.com, 2016-11-23 08:36:25.296212
300101828, Rose Mcguinness, 013300101828, rose@aol.com, 2016-11-23 08:36:25.301811
300100134, Carrie Mcbride, 013300100134, carrie@aol.com, 2016-11-23 08:36:25.302330
300101480, Polly Kinlaw, 013300101480, polly@aol.com, 2016-11-23 08:36:25.307914
300101813, Johnny Wildman, 013300101813, johnny@aol.com, 2016-11-23 08:36:25.313486
300100991, Jason Cunningham, 013300100991, jason@aol.com, 2016-11-23 08:36:25.313716
300100854, Robert Green, 013300100854, robert@aol.com, 2016-11-23 08:36:25.313790
300100855, Brandon Beckwith, 013300100855, brandon@aol.com, 2016-11-23 08:36:25.315810
300100341, Jennifer Beck, 013300100341, jennifer@aol.com, 2016-11-23 08:36:25.316060
300101294, Christopher Tucker, 013300101294, christopher@aol.com, 2016-11-23 08:36:25.316195
300101976, Luvenia Ellman, 013300101976, luvenia@aol.com, 2016-11-23 08:36:25.329221
300101676, Tamara Schull, 013300101676, tamara@aol.com, 2016-11-23 08:36:25.342799
300101755, Artie Hogan, 013300101755, artie@aol.com, 2016-11-23 08:36:25.344778
300101804, Brett Grett, 013300101804, brett@aol.com, 2016-11-23 08:36:25.389143
300101542, Tammy Gale, 013300101542, tammy@aol.com, 2016-11-23 08:36:25.390758
300100166, Tonya Springer, 013300100166, tonya@aol.com, 2016-11-23 08:36:25.391665
300101145, Geneva Noland, 013300101145, geneva@aol.com, 2016-11-23 08:36:25.394447
300100873, Michelle Mcghee, 013300100873, michelle@aol.com, 2016-11-23 08:36:25.395443
300100899, Michael Bradford, 013300100899, michael@aol.com, 2016-11-23 08:36:25.395868
300100008, Santa Germon, 013300100008, santa@aol.com, 2016-11-23 08:36:25.420434
300101253, Jefferson Kranz, 013300101253, jefferson@aol.com, 2016-11-23 08:36:25.425222
300100353, Annie Mcginty, 013300100353, annie@aol.com, 2016-11-23 08:36:25.430660
300100775, Earl Costa, 013300100775, earl@aol.com, 2016-11-23 08:36:25.431536
300101080, Chris Hayes, 013300101080, chris@aol.com, 2016-11-23 08:36:25.431720
300101078, Thomas Boone, 013300101078, thomas@aol.com, 2016-11-23 08:36:25.432353
300101426, Terry Sipp, 013300101426, terry@aol.com, 2016-11-23 08:36:25.443788
300101062, Virginia Mills, 013300101062, virginia@aol.com, 2016-11-23 08:36:25.444006
300101431, Jared Fuller, 013300101431, jared@aol.com, 2016-11-23 08:36:25.444357
300101346, Jason Johnson, 013300101346, jason@aol.com, 2016-11-23 08:36:25.444419
300100496, Michael Sanchez, 013300100496, michael@aol.com, 2016-11-23 08:36:25.444498
300101368, John Morgan, 013300101368, john@aol.com, 2016-11-23 08:36:25.444579
300100639, Terry Andrews, 013300100639, terry@aol.com, 2016-11-23 08:36:25.444909
300101517, Roberto Granados, 013300101517, roberto@aol.com, 2016-11-23 08:36:25.447533
300100735, Eleanor Richardson, 013300100735, eleanor@aol.com, 2016-11-23 08:36:25.447795
300101352, Milton Hossain, 013300101352, milton@aol.com, 2016-11-23 08:36:25.465161
300100177, James Griswold, 013300100177, james@aol.com, 2016-11-23 08:36:25.467871
300100783, Salvador Smith, 013300100783, salvador@aol.com, 2016-11-23 08:36:25.468121
300101682, Bryan Knutson, 013300101682, bryan@aol.com, 2016-11-23 08:36:25.469514
300100569, Frank Barnett, 013300100569, frank@aol.com, 2016-11-23 08:36:25.469762
300100030, Natalie Kramer, 013300100030, natalie@aol.com, 2016-11-23 08:36:25.470306
300100014, Carolyn Baker, 013300100014, carolyn@aol.com, 2016-11-23 08:36:25.470402
300100676, Charles Carver, 013300100676, charles@aol.com, 2016-11-23 08:36:25.471008
300100279, Sandra Goede, 013300100279, sandra@aol.com, 2016-11-23 08:36:25.508344
300100880, Jeff Mitchell, 013300100880, jeff@aol.com, 2016-11-23 08:36:25.508706
300101893, Evelyn Sannicolas, 013300101893, evelyn@aol.com, 2016-11-23 08:36:25.526236
300101988, Stephanie Henry, 013300101988, stephanie@aol.com, 2016-11-23 08:36:25.526489
300100744, Brian Buller, 013300100744, brian@aol.com, 2016-11-23 08:36:25.532742
300100370, Steve Settle, 013300100370, steve@aol.com, 2016-11-23 08:36:25.535444
300101811, Jacquelyn Sweatt, 013300101811, jacquelyn@aol.com, 2016-11-23 08:36:25.540786
300101093, Michel Barrett, 013300101093, michel@aol.com, 2016-11-23 08:36:25.541478
300101265, Mathew Hobbs, 013300101265, mathew@aol.com, 2016-11-23 08:36:25.542123
300100705, Ruth Smith, 013300100705, ruth@aol.com, 2016-11-23 08:36:25.542231
300101715, Clara Parker, 013300101715, clara@aol.com, 2016-11-23 08:36:25.542424
300100247, Christine Mclellan, 013300100247, christine@aol.com, 2016-11-23 08:36:25.546943
300101571, Johnnie Yang, 013300101571, johnnie@aol.com, 2016-11-23 08:36:25.547761
300100607, Emilia Alonzo, 013300100607, emilia@aol.com, 2016-11-23 08:36:25.549767
300101191, David Saxon, 013300101191, david@aol.com, 2016-11-23 08:36:25.552957
300101327, Savannah Morrison, 013300101327, savannah@aol.com, 2016-11-23 08:36:25.553780
300101437, Eric Falcon, 013300101437, eric@aol.com, 2016-11-23 08:36:25.555924
300100966, Edward Clayton, 013300100966, edward@aol.com, 2016-11-23 08:36:25.556313
300100062, Harry Walker, 013300100062, harry@aol.com, 2016-11-23 08:36:25.556421
300101928, Eleanor Jackson, 013300101928, eleanor@aol.com, 2016-11-23 08:36:25.556571
300101277, James Pitt, 013300101277, james@aol.com, 2016-11-23 08:36:25.558502
300101682, Helen Stermer, 013300101682, helen@aol.com, 2016-11-23 08:36:25.579592
300100207, Sylvia Wallace, 013300100207, sylvia@aol.com, 2016-11-23 08:36:25.579869
300100547, Robert Howard, 013300100547, robert@aol.com, 2016-11-23 08:36:25.579981
300100701, Louise Myers, 013300100701, louise@aol.com, 2016-11-23 08:36:25.580166
300100554, Valerie Webber, 013300100554, valerie@aol.com, 2016-11-23 08:36:25.581135
300100175, Jacqueline Pless, 013300100175, jacqueline@aol.com, 2016-11-23 08:36:25.586634
300101258, Joseph Davis, 013300101258, joseph@aol.com, 2016-11-23 08:36:25.586716
300101175, Grace Mcelveen, 013300101175, grace@aol.com, 2016-11-23 08:36:25.594915
300101252, Luz Mills, 013300101252, luz@aol.com, 2016-11-23 08:36:25.595393
300101185, Robert Brown, 013300101185, robert@aol.com, 2016-11-23 08:36:25.595460
300100833, Derrick Gentry, 013300100833, derrick@aol.com, 2016-11-23 08:36:25.596182
300100181, Patrica Smith, 013300100181, patrica@aol.com, 2016-11-23 08:36:25.596704
300100565, Gary Patrick, 013300100565, gary@aol.com, 2016-11-23 08:36:25.597139
300100183, Michael Dailey, 013300100183, michael@aol.com, 2016-11-23 08:36:25.598029
300101134, Valerie Garrett, 013300101134, valerie@aol.com, 2016-11-23 08:36:25.598385
300101236, Catherine Fasheh, 013300101236, catherine@aol.com, 2016-11-23 08:36:25.631193
300101412, Everett Collins, 013300101412, everett@aol.com, 2016-11-23 08:36:25.631502
300101005, Courtney Schuster, 013300101005, courtney@aol.com, 2016-11-23 08:36:25.633256
300101729, Annemarie Grice, 013300101729, annemarie@aol.com, 2016-11-23 08:36:25.636438
300100203, Kristen Carpenter, 013300100203, kristen@aol.com, 2016-11-23 08:36:25.636737
300100776, Virginia Grigsby, 013300100776, virginia@aol.com, 2016-11-23 08:36:25.638440
300100027, Wendy Miller, 013300100027, wendy@aol.com, 2016-11-23 08:36:25.638565
300101674, Patrick Brothers, 013300101674, patrick@aol.com, 2016-11-23 08:36:25.640333
300101291, Christopher Atkinson, 013300101291, christopher@aol.com, 2016-11-23 08:36:25.640800
300100349, Keith Smith, 013300100349, keith@aol.com, 2016-11-23 08:36:25.640883
300100024, Charles Kenny, 013300100024, charles@aol.com, 2016-11-23 08:36:25.642104
300101088, Robert Allen, 013300101088, robert@aol.com, 2016-11-23 08:36:25.642166
300100890, Jodi Davis, 013300100890, jodi@aol.com, 2016-11-23 08:36:25.642465
300101768, David Allgood, 013300101768, david@aol.com, 2016-11-23 08:36:25.646976
300100566, Diane Molder, 013300100566, diane@aol.com, 2016-11-23 08:36:25.661248
300101323, Casey Kendrick, 013300101323, casey@aol.com, 2016-11-23 08:36:25.662314
300101054, Kassie Banning, 013300101054, kassie@aol.com, 2016-11-23 08:36:25.671283
300101010, Denise Earls, 013300101010, denise@aol.com, 2016-11-23 08:36:25.674288
300101544, Pamela Hollenbeck, 013300101544, pamela@aol.com, 2016-11-23 08:36:25.678789
300100153, Pedro Anderson, 013300100153, pedro@aol.com, 2016-11-23 08:36:25.679124
300100832, Perry Demopoulos, 013300100832, perry@aol.com, 2016-11-23 08:36:25.712564
300101673, Gerald Swartz, 013300101673, gerald@aol.com, 2016-11-23 08:36:25.713979
300100593, Nancy Unnasch, 013300100593, nancy@aol.com, 2016-11-23 08:36:25.741090
300101967, Douglas Lopze, 013300101967, douglas@aol.com, 2016-11-23 08:36:25.801170
300100091, Jody Smith, 013300100091, jody@aol.com, 2016-11-23 08:36:25.801556
300100601, Christie Morton, 013300100601, christie@aol.com, 2016-11-23 08:36:25.802204
300101849, John Brooks, 013300101849, john@aol.com, 2016-11-23 08:36:25.802303
300100632, Jeffrey Pleasant, 013300100632, jeffrey@aol.com, 2016-11-23 08:36:25.805081
300100648, William Sousa, 013300100648, william@aol.com, 2016-11-23 08:36:25.806543
300101219, Margie Carver, 013300101219, margie@aol.com, 2016-11-23 08:36:25.807300
300101589, Salvatore Niederberger, 013300101589, salvatore@aol.com, 2016-11-23 08:36:25.856887
300100603, Barbara Miller, 013300100603, barbara@aol.com, 2016-11-23 08:36:25.857009
300100100, Charles Spillman, 013300100100, charles@aol.com, 2016-11-23 08:36:25.860282
300101598, Lee Mcelwee, 013300101598, lee@aol.com, 2016-11-23 08:36:25.871279
300100218, Anna Shannon, 013300100218, anna@aol.com, 2016-11-23 08:36:25.871922
300100961, Arthur Williams, 013300100961, arthur@aol.com, 2016-11-23 08:36:25.872108
300101115, Keith Cole, 013300101115, keith@aol.com, 2016-11-23 08:36:25.872361
300101832, Austin Young, 013300101832, austin@aol.com, 2016-11-23 08:36:25.872752
300100078, Harold Fidler, 013300100078, harold@aol.com, 2016-11-23 08:36:25.876947
300100207, Otto Ray, 013300100207, otto@aol.com, 2016-11-23 08:36:25.877602
300101272, Herman Dewitt, 013300101272, herman@aol.com, 2016-11-23 08:36:25.878796
300100077, James Dodge, 013300100077, james@aol.com, 2016-11-23 08:36:25.880075
300101469, Alexander Mcfate, 013300101469, alexander@aol.com, 2016-11-23 08:36:25.895672
300100780, Guillermina Roberts, 013300100780, guillermina@aol.com, 2016-11-23 08:36:25.896736
300100184, Robert Olea, 013300100184, robert@aol.com, 2016-11-23 08:36:25.905619
300101097, Seth Chance, 013300101097, seth@aol.com, 2016-11-23 08:36:25.907390
300101379, Adam Cunningham, 013300101379, adam@aol.com, 2016-11-23 08:36:25.907607
300100379, Ashley Leet, 013300100379, ashley@aol.com, 2016-11-23 08:36:25.920011
300100525, Tiffany Schreiner, 013300100525, tiffany@aol.com, 2016-11-23 08:36:25.923587
300100280, Martin Salas, 013300100280, martin@aol.com, 2016-11-23 08:36:25.924237
300101967, Julia Pizzo, 013300101967, julia@aol.com, 2016-11-23 08:36:25.934862
300101070, Bill Richardson, 013300101070, bill@aol.com, 2016-11-23 08:36:25.935079
300100921, Patrick Johnson, 013300100921, patrick@aol.com, 2016-11-23 08:36:25.935159
300100014, Cecil Bello, 013300100014, cecil@aol.com, 2016-11-23 08:36:25.937368
300101531, William Johnson, 013300101531, william@aol.com, 2016-11-23 08:36:25.937440
300100550, Stacy Aaron, 013300100550, stacy@aol.com, 2016-11-23 08:36:25.938572
300100357, Laura Imoto, 013300100357, laura@aol.com, 2016-11-23 08:36:25.963361
300100283, Lois Roland, 013300100283, lois@aol.com, 2016-11-23 08:36:25.964818
300100104, Susan Macarthur, 013300100104, susan@aol.com, 2016-11-23 08:36:25.969701
300100085, Ricardo Frison, 013300100085, ricardo@aol.com, 2016-11-23 08:36:25.977235
300101292, George Long, 013300101292, george@aol.com, 2016-11-23 08:36:25.977404
300100988, Araceli Doherty, 013300100988, araceli@aol.com, 2016-11-23 08:36:25.979024
300101359, Robin Hall, 013300101359, robin@aol.com, 2016-11-23 08:36:25.979156
300100307, Marilyn Nev, 013300100307, marilyn@aol.com, 2016-11-23 08:36:26.027515
300101314, Miranda Arnold, 013300101314, miranda@aol.com, 2016-11-23 08:36:26.028042
300100795, Clifton Edwards, 013300100795, clifton@aol.com, 2016-11-23 08:36:26.028321
300101356, Tanya Smith, 013300101356, tanya@aol.com, 2016-11-23 08:36:26.028528
300101768, Dominique Henriquez, 013300101768, dominique@aol.com, 2016-11-23 08:36:26.032893
300100687, Mary Flanagan, 013300100687, mary@aol.com, 2016-11-23 08:36:26.033776
300101209, Roy Stevens, 013300101209, roy@aol.com, 2016-11-23 08:36:26.033975
300101285, Lisa Stewart, 013300101285, lisa@aol.com, 2016-11-23 08:36:26.034067
300101241, Amy Hickman, 013300101241, amy@aol.com, 2016-11-23 08:36:26.034591
300100944, George Gonzalez, 013300100944, george@aol.com, 2016-11-23 08:36:26.034677
300101287, John Delosantos, 013300101287, john@aol.com, 2016-11-23 08:36:26.050883
300101322, Sean Yoshizumi, 013300101322, sean@aol.com, 2016-11-23 08:36:26.090210
300101335, Kendra Michel, 013300101335, kendra@aol.com, 2016-11-23 08:36:26.091643
300101274, Brandi Johnson, 013300101274, brandi@aol.com, 2016-11-23 08:36:26.091913
300101754, John Sparks, 013300101754, john@aol.com, 2016-11-23 08:36:26.092268
300100379, Dolores Ortiz, 013300100379, dolores@aol.com, 2016-11-23 08:36:26.092503
300100306, Debra Johnson, 013300100306, debra@aol.com, 2016-11-23 08:36:26.092574
300100606, Norma Jackson, 013300100606, norma@aol.com, 2016-11-23 08:36:26.092685
300101912, Wendy Vonstein, 013300101912, wendy@aol.com, 2016-11-23 08:36:26.127697
300101318, Pauline Wilson, 013300101318, pauline@aol.com, 2016-11-23 08:36:26.128030
300100091, Olga Lowenstein, 013300100091, olga@aol.com, 2016-11-23 08:36:26.139383
300100288, Donald Williamson, 013300100288, donald@aol.com, 2016-11-23 08:36:26.139602
300100622, Frederick Tinney, 013300100622, frederick@aol.com, 2016-11-23 08:36:26.144491
300101240, Racheal Sanchez, 013300101240, racheal@aol.com, 2016-11-23 08:36:26.145510
300101998, Ivory Beaudry, 013300101998, ivory@aol.com, 2016-11-23 08:36:26.149739
300100491, Elaine Longway, 013300100491, elaine@aol.com, 2016-11-23 08:36:26.168495
300101672, Alex Frank, 013300101672, alex@aol.com, 2016-11-23 08:36:26.169170
300101431, Ross Mccabe, 013300101431, ross@aol.com, 2016-11-23 08:36:26.170549
300100101, Christine Trammell, 013300100101, christine@aol.com, 2016-11-23 08:36:26.173229
300100252, Karen Hawkins, 013300100252, karen@aol.com, 2016-11-23 08:36:26.173469
300100640, James Delatorre, 013300100640, james@aol.com, 2016-11-23 08:36:26.176365
300100986, Glenn Capps, 013300100986, glenn@aol.com, 2016-11-23 08:36:26.178801
300100872, Erica Douglass, 013300100872, erica@aol.com, 2016-11-23 08:36:26.181091
300101376, Wm Daley, 013300101376, wm@aol.com, 2016-11-23 08:36:26.182480
300100513, Terry Ward, 013300100513, terry@aol.com, 2016-11-23 08:36:26.182638
300100775, Leticia Davis, 013300100775, leticia@aol.com, 2016-11-23 08:36:26.182947
300101810, Dee Rios, 013300101810, dee@aol.com, 2016-11-23 08:36:26.183891
300101849, Forrest Leigh, 013300101849, forrest@aol.com, 2016-11-23 08:36:26.186576
300100405, Jeffrey Wheatley, 013300100405, jeffrey@aol.com, 2016-11-23 08:36:26.188235
300101516, Wayne Hughes, 013300101516, wayne@aol.com, 2016-11-23 08:36:26.188390
300101477, Hector Perez, 013300101477, hector@aol.com, 2016-11-23 08:36:26.188587
300100431, Corina Sanchez, 013300100431, corina@aol.com, 2016-11-23 08:36:26.189269
300101956, Mary Miller, 013300101956, mary@aol.com, 2016-11-23 08:36:26.189318
300101240, Luis Taylor, 013300101240, luis@aol.com, 2016-11-23 08:36:26.189434
300101294, William Howard, 013300101294, william@aol.com, 2016-11-23 08:36:26.189521
300101486, Cynthia Mays, 013300101486, cynthia@aol.com, 2016-11-23 08:36:26.190079
300101353, Jose Wells, 013300101353, jose@aol.com, 2016-11-23 08:36:26.190221
300101175, Mildred Benge, 013300101175, mildred@aol.com, 2016-11-23 08:36:26.193701
300100701, Katherine Jones, 013300100701, katherine@aol.com, 2016-11-23 08:36:26.193956
300100512, Hans Roman, 013300100512, hans@aol.com, 2016-11-23 08:36:26.195106
300100301, Joshua Harris, 013300100301, joshua@aol.com, 2016-11-23 08:36:26.195234
300101159, Arthur Guy, 013300101159, arthur@aol.com, 2016-11-23 08:36:26.195978
300101567, Derek Snyder, 013300101567, derek@aol.com, 2016-11-23 08:36:26.196287
300100922, Shelby Ellison, 013300100922, shelby@aol.com, 2016-11-23 08:36:26.197479
300101822, Angelica Shuford, 013300101822, angelica@aol.com, 2016-11-23 08:36:26.206310
300100434, Joe Whitsitt, 013300100434, joe@aol.com, 2016-11-23 08:36:26.220697
300100691, Amy Browning, 013300100691, amy@aol.com, 2016-11-23 08:36:26.221263
300100379, Elaine Huggins, 013300100379, elaine@aol.com, 2016-11-23 08:36:26.222283
300100108, Osvaldo Still, 013300100108, osvaldo@aol.com, 2016-11-23 08:36:26.224790
300101542, Efrain Martin, 013300101542, efrain@aol.com, 2016-11-23 08:36:26.225240
300101343, Rebecca Graham, 013300101343, rebecca@aol.com, 2016-11-23 08:36:26.225404
300100329, Helga Hunter, 013300100329, helga@aol.com, 2016-11-23 08:36:26.226277
300101589, Cynthia Moran, 013300101589, cynthia@aol.com, 2016-11-23 08:36:26.226676
300101782, Callie Carrillo, 013300101782, callie@aol.com, 2016-11-23 08:36:26.228594
300101511, Robert Khim, 013300101511, robert@aol.com, 2016-11-23 08:36:26.249613
300101043, Paul Hoover, 013300101043, paul@aol.com, 2016-11-23 08:36:26.250096
300101585, Thomas Martinez, 013300101585, thomas@aol.com, 2016-11-23 08:36:26.250164
300101074, Mary Carter, 013300101074, mary@aol.com, 2016-11-23 08:36:26.250237
300101066, Hilary Moore, 013300101066, hilary@aol.com, 2016-11-23 08:36:26.250768
