Venue01, 162695, 2016-11-23 08:36:26.257609
Venue02, 162695, 2016-11-23 08:36:26.257609
Venue03, 162695, 2016-11-23 08:36:26.257609
Venue04, 162695, 2016-11-23 08:36:26.257609
Venue05, 162695, 2016-11-23 08:36:26.257609
Venue06, 162695, 2016-11-23 08:36:26.257609
Venue07, 162695, 2016-11-23 08:36:26.257609
Venue08, 162695, 2016-11-23 08:36:26.257609
Venue09, 162695, 2016-11-23 08:36:26.257609
Venue010, 162695, 2016-11-23 08:36:26.257609
Venue011, 162695, 2016-11-23 08:36:26.257609
Venue012, 162695, 2016-11-23 08:36:26.257609
Venue013, 162695, 2016-11-23 08:36:26.257609
Venue014, 162695, 2016-11-23 08:36:26.257609
Venue015, 162695, 2016-11-23 08:36:26.257609
Venue016, 162695, 2016-11-23 08:36:26.257609
Venue017, 162695, 2016-11-23 08:36:26.257609
Venue018, 162695, 2016-11-23 08:36:26.257609
Venue019, 162695, 2016-11-23 08:36:26.257609
Venue020, 162695, 2016-11-23 08:36:26.257609
Venue021, 162695, 2016-11-23 08:36:26.257609
Venue022, 162695, 2016-11-23 08:36:26.257609
Venue023, 162695, 2016-11-23 08:36:26.257609
Venue024, 162695, 2016-11-23 08:36:26.257609
Venue025, 162695, 2016-11-23 08:36:26.257609
Venue026, 162695, 2016-11-23 08:36:26.257609
Venue027, 162695, 2016-11-23 08:36:26.257609
Venue028, 162695, 2016-11-23 08:36:26.257609
Venue029, 162695, 2016-11-23 08:36:26.257609
Venue030, 162695, 2016-11-23 08:36:26.257609
Venue031, 162695, 2016-11-23 08:36:26.257609
Venue032, 162695, 2016-11-23 08:36:26.257609
Venue033, 162695, 2016-11-23 08:36:26.257609
Venue034, 162695, 2016-11-23 08:36:26.257609
Venue035, 162695, 2016-11-23 08:36:26.257609
Venue036, 162695, 2016-11-23 08:36:26.257609
Venue037, 162695, 2016-11-23 08:36:26.257609
Venue038, 162695, 2016-11-23 08:36:26.257609
Venue039, 162695, 2016-11-23 08:36:26.257609
Venue040, 162695, 2016-11-23 08:36:26.257609
Venue041, 162695, 2016-11-23 08:36:26.257609
Venue042, 162695, 2016-11-23 08:36:26.257609
Venue043, 162695, 2016-11-23 08:36:26.257609
Venue044, 162695, 2016-11-23 08:36:26.257609
Venue045, 162695, 2016-11-23 08:36:26.257609
Venue046, 162695, 2016-11-23 08:36:26.257609
Venue047, 162695, 2016-11-23 08:36:26.257609
Venue048, 162695, 2016-11-23 08:36:26.257609
Venue049, 162695, 2016-11-23 08:36:26.257609
Venue050, 162695, 2016-11-23 08:36:26.257609
Venue051, 162695, 2016-11-23 08:36:26.257609
Venue052, 162695, 2016-11-23 08:36:26.257609
Venue053, 162695, 2016-11-23 08:36:26.257609
Venue054, 162695, 2016-11-23 08:36:26.257609
Venue055, 162695, 2016-11-23 08:36:26.257609
Venue056, 162695, 2016-11-23 08:36:26.257609
Venue057, 162695, 2016-11-23 08:36:26.257609
Venue058, 162695, 2016-11-23 08:36:26.257609
Venue059, 162695, 2016-11-23 08:36:26.257609
Venue060, 162695, 2016-11-23 08:36:26.257609
Venue061, 162695, 2016-11-23 08:36:26.257609
Venue062, 162695, 2016-11-23 08:36:26.257609
Venue063, 162695, 2016-11-23 08:36:26.257609
Venue064, 162695, 2016-11-23 08:36:26.257609
Venue065, 162695, 2016-11-23 08:36:26.257609
Venue066, 162695, 2016-11-23 08:36:26.257609
Venue067, 162695, 2016-11-23 08:36:26.257609
Venue068, 162695, 2016-11-23 08:36:26.257609
Venue069, 162695, 2016-11-23 08:36:26.257609
Venue070, 162695, 2016-11-23 08:36:26.257609
Venue071, 162695, 2016-11-23 08:36:26.257609
Venue072, 162695, 2016-11-23 08:36:26.257609
Venue073, 162695, 2016-11-23 08:36:26.257609
Venue074, 162695, 2016-11-23 08:36:26.257609
Venue075, 162695, 2016-11-23 08:36:26.257609
Venue076, 162695, 2016-11-23 08:36:26.257609
Venue077, 162695, 2016-11-23 08:36:26.257609
Venue078, 162695, 2016-11-23 08:36:26.257609
Venue079, 162695, 2016-11-23 08:36:26.257609
Venue080, 162695, 2016-11-23 08:36:26.257609
Venue081, 162695, 2016-11-23 08:36:26.257609
Venue082, 162695, 2016-11-23 08:36:26.257609
Venue083, 162695, 2016-11-23 08:36:26.257609
Venue084, 162695, 2016-11-23 08:36:26.257609
Venue085, 162695, 2016-11-23 08:36:26.257609
Venue086, 162695, 2016-11-23 08:36:26.257609
Venue087, 162695, 2016-11-23 08:36:26.257609
Venue088, 162695, 2016-11-23 08:36:26.257609
Venue089, 162695, 2016-11-23 08:36:26.257609
Venue090, 162695, 2016-11-23 08:36:26.257609
Venue091, 162695, 2016-11-23 08:36:26.257609
Venue092, 162695, 2016-11-23 08:36:26.257609
Venue093, 162695, 2016-11-23 08:36:26.257609
Venue094, 162695, 2016-11-23 08:36:26.257609
Venue095, 162695, 2016-11-23 08:36:26.257609
Venue096, 162695, 2016-11-23 08:36:26.257609
Venue097, 162695, 2016-11-23 08:36:26.257609
Venue098, 162695, 2016-11-23 08:36:26.257609
Venue099, 162695, 2016-11-23 08:36:26.257609
Venue0100, 162695, 2016-11-23 08:36:26.257609
